state,electproject_2020,medsl_2024,downballotr_live,nyt_2024_notes
AK,yes,yes,no,yes
AL,yes,yes,no,yes
AR,yes,yes,no,yes
AZ,yes,yes,no,yes
CA,yes,yes,no,yes
CO,yes,yes,yes,yes
CT,yes,yes,yes,yes
DC,yes,yes,no,yes
DE,yes,yes,no,yes
FL,yes,yes,no,yes
GA,yes,yes,yes,yes
HI,yes,yes,no,yes
IA,yes,yes,no,yes
ID,yes,yes,yes,yes
IL,yes,yes,no,yes
IN,yes,yes,yes,yes
KS,yes,yes,no,yes
KY,yes,yes,no,yes
LA,yes,yes,yes,yes
MA,yes,yes,yes,yes
MD,yes,yes,no,yes
ME,yes,yes,no,yes
MI,yes,yes,no,yes
MN,yes,yes,no,yes
MO,yes,yes,no,yes
MS,yes,yes,no,yes
MT,yes,yes,no,yes
NC,yes,yes,yes,yes
ND,yes,yes,no,yes
NE,yes,yes,no,yes
NH,yes,yes,yes,yes
NJ,yes,yes,no,yes
NM,yes,yes,yes,yes
NV,yes,yes,no,yes
NY,yes,yes,yes,yes
OH,yes,yes,no,yes
OK,yes,yes,no,yes
OR,yes,yes,no,yes
PA,yes,yes,no,yes
RI,yes,yes,no,yes
SC,yes,yes,yes,yes
SD,yes,yes,no,yes
TN,yes,yes,no,yes
TX,yes,yes,no,yes
UT,yes,yes,yes,yes
VA,yes,yes,yes,yes
VT,yes,yes,yes,yes
WA,yes,yes,no,yes
WI,yes,yes,no,yes
WV,yes,yes,no,yes
WY,yes,yes,no,yes
