state,source_role,lead_url,origin_repository,origin_locator,official_status,verification_status,notes
GA,early_vote,https://elections.sos.ga.gov/Elections/voterabsenteefile.do,ElectProject/Early-Vote-2020G,GA_RO.Rmd,likely_official,unverified,"Historical absentee-voter file endpoint; verify current descendant and access semantics."
LA,early_vote,https://www.sos.la.gov/ElectionsAndVoting/Pages/EarlyVotingStatisticsStatewide.aspx,ElectProject/Early-Vote-2020G,docs/LA.html,likely_official,unverified,"Historical statewide early-voting statistics page."
ME,early_vote,https://www.maine.gov/sos/cec/elec/data/index.html,ElectProject/Early-Vote-2020G,docs/ME.html,likely_official,unverified,"Historical Maine election data page; inspect current data/download links."
MN,early_vote,https://www.sos.state.mn.us/election-administration-campaigns/data-maps/absentee-data/,ElectProject/Early-Vote-2020G,docs/MN.html,likely_official,unverified,"Historical absentee-data page."
ND,early_vote,https://vip.sos.nd.gov/abev.aspx?eid=313,ElectProject/Early-Vote-2020G,docs/ND.html,likely_official,unverified,"Historical real-time absentee/early-vote reporting endpoint; election ID is cycle-specific."
NH,early_vote,https://sos.nh.gov/elections/information/notices/absentee-ballots-requested-for-general-election/,ElectProject/Early-Vote-2020G,docs/NH.html,likely_official,unverified,"Historical absentee-ballot notice page."
NV,early_vote,https://www.nvsos.gov/sos/elections/voters/election-turnout-statistics,ElectProject/Early-Vote-2020G,docs/NV.html,likely_official,unverified,"Historical election-turnout statistics page."
OR,early_vote,https://sos.oregon.gov/voting/Pages/current-election.aspx,ElectProject/Early-Vote-2020G,docs/OR.html,likely_official,unverified,"Current-election landing page used for ballot-return statistics."
SD,early_vote,https://sdsos.gov/elections-voting/upcoming-elections/general-information/2020-General-Election-Absentee-Numbers.aspx,ElectProject/Early-Vote-2020G,docs/SD.html,likely_official,unverified,"Historical cycle-specific absentee-number page."
TN,early_vote,https://sos.tn.gov/products/elections-executive/nov-3-election-information,ElectProject/Early-Vote-2020G,docs/TN.html,likely_official,unverified,"Historical cycle information page."
VT,early_vote,https://sos.vermont.gov/elections/election-info-resources/elections-results-data/,ElectProject/Early-Vote-2020G,docs/VT.html,likely_official,unverified,"Election results/data hub used as source for mail-ballot statistics."
WA,early_vote,https://www.sos.wa.gov/elections/research/data-and-statistics.aspx,ElectProject/Early-Vote-2020G,docs/WA.html,likely_official,unverified,"Historical data-and-statistics page; identify modern ballot-return descendant."
WV,early_vote,http://services.sos.wv.gov/Elections/AbsenteeBallotStats,ElectProject/Early-Vote-2020G,docs/WV.html,likely_official,unverified,"Historical absentee-ballot statistics service; HTTP and legacy host require special verification."
