state,origin_repository,origin_locator,package_status,notes
AK,MEDSL/2024-elections-official,individual_states/ak24.zip,present,
AL,MEDSL/2024-elections-official,individual_states/al24.zip,present,
AR,MEDSL/2024-elections-official,individual_states/ar24.zip,present,
AZ,MEDSL/2024-elections-official,individual_states/az24.zip,present,
CA,MEDSL/2024-elections-official,individual_states/ca24.zip,present,
CO,MEDSL/2024-elections-official,individual_states/co24.zip,present,
CT,MEDSL/2024-elections-official,individual_states/ct24.zip,present,
DC,MEDSL/2024-elections-official,individual_states/dc24.zip,present,
DE,MEDSL/2024-elections-official,individual_states/de24.zip,present,
FL,MEDSL/2024-elections-official,individual_states/fl24.zip,present,
GA,MEDSL/2024-elections-official,individual_states/ga24.zip,present,
HI,MEDSL/2024-elections-official,individual_states/hi24.zip,present,
IA,MEDSL/2024-elections-official,individual_states/ia24.zip,present,
ID,MEDSL/2024-elections-official,individual_states/id24.zip,present,
IL,MEDSL/2024-elections-official,individual_states/il24.zip,present,
IN,MEDSL/2024-elections-official,individual_states/in24.zip,present,
KS,MEDSL/2024-elections-official,individual_states/ks24.zip,present,
KY,MEDSL/2024-elections-official,individual_states/ky24.zip,present,
LA,MEDSL/2024-elections-official,individual_states/la24.zip,present,
MA,MEDSL/2024-elections-official,individual_states/ma24.zip,present,
MD,MEDSL/2024-elections-official,individual_states/md24.zip,present,
ME,MEDSL/2024-elections-official,individual_states/me24.zip,present,
MI,MEDSL/2024-elections-official,individual_states/mi24.zip,present,
MN,MEDSL/2024-elections-official,individual_states/mn24.zip,present,
MO,MEDSL/2024-elections-official,individual_states/mo24.zip,present,
MS,MEDSL/2024-elections-official,individual_states/ms24.zip,present,
MT,MEDSL/2024-elections-official,individual_states/mt24.zip,present,
NC,MEDSL/2024-elections-official,individual_states/nc24.zip,present,
ND,MEDSL/2024-elections-official,individual_states/nd24.zip,present,
NE,MEDSL/2024-elections-official,individual_states/ne24.zip,present,
NH,MEDSL/2024-elections-official,individual_states/nh24.zip,present,
NJ,MEDSL/2024-elections-official,individual_states/nj24.zip,present,
NM,MEDSL/2024-elections-official,individual_states/nm24.zip,present,
NV,MEDSL/2024-elections-official,individual_states/nv24.zip,present,
NY,MEDSL/2024-elections-official,individual_states/ny24.zip,present,
OH,MEDSL/2024-elections-official,individual_states/oh24.zip,present,
OK,MEDSL/2024-elections-official,individual_states/ok24.zip,present,
OR,MEDSL/2024-elections-official,individual_states/or24.zip,present,
PA,MEDSL/2024-elections-official,individual_states/pa24.zip,present,
RI,MEDSL/2024-elections-official,individual_states/ri24.zip,present,
SC,MEDSL/2024-elections-official,individual_states/sc24.zip,present,
SD,MEDSL/2024-elections-official,individual_states/sd24.zip,present,
TN,MEDSL/2024-elections-official,individual_states/tn24.zip,present,
TX,MEDSL/2024-elections-official,individual_states/tx24.zip,present,
UT,MEDSL/2024-elections-official,individual_states/ut24.zip,present,
VA,MEDSL/2024-elections-official,individual_states/va24.zip,present,
VT,MEDSL/2024-elections-official,individual_states/vt24.zip,present,
WA,MEDSL/2024-elections-official,individual_states/wa24.zip,present,
WI,MEDSL/2024-elections-official,individual_states/wi24.zip,present,
WV,MEDSL/2024-elections-official,individual_states/wv24.zip,present,
WY,MEDSL/2024-elections-official,individual_states/wy24.zip,present,
