jurisdiction_id,state,jurisdiction_level,jurisdiction_name,page_role,url,evidence_registry,verification_status,authority_id
us:ak:surface:statewide,AK,source,AK,statewide_results_lead,https://www.elections.alaska.gov/election-results/,first_pass_state_result_surfaces.csv,candidate,
us:al:surface:statewide,AL,source,AL,statewide_results_lead,https://www.sos.alabama.gov/alabama-votes/voter/election-information/2026,first_pass_state_result_surfaces.csv,candidate,
us:ar:surface:statewide,AR,source,AR,statewide_results_lead,https://www.sos.arkansas.gov/elections/research/election-results,first_pass_state_result_surfaces.csv,candidate,
us:ca:surface:statewide,CA,source,CA,statewide_results_lead,https://electionresults.sos.ca.gov/,first_pass_state_result_surfaces.csv,candidate,
us:co:surface:statewide,CO,source,CO,statewide_results_lead,https://www.sos.state.co.us/pubs/elections/,first_pass_state_result_surfaces.csv,candidate,
us:ct:surface:statewide,CT,source,CT,statewide_results_lead,https://portal.ct.gov/sots/election-services/election-results/election-results,first_pass_state_result_surfaces.csv,candidate,
us:de:surface:statewide,DE,source,DE,statewide_results_lead,https://elections.delaware.gov/results/index.html,first_pass_state_result_surfaces.csv,candidate,
us:fl:surface:statewide,FL,source,FL,statewide_results_lead,https://results.elections.myflorida.com/,first_pass_state_result_surfaces.csv,candidate,
us:ga:surface:statewide,GA,source,GA,statewide_results_lead,https://results.sos.ga.gov/results/public/Georgia/elections/GeneralPrimary51926,first_pass_state_result_surfaces.csv,candidate,
us:hi:surface:statewide,HI,source,HI,statewide_results_lead,https://elections.hawaii.gov/election-results/,first_pass_state_result_surfaces.csv,candidate,
us:ia:surface:statewide,IA,source,IA,statewide_results_lead,https://electionresults.iowa.gov/IA/,first_pass_state_result_surfaces.csv,candidate,
us:id:surface:statewide,ID,source,ID,statewide_results_lead,https://voteidaho.gov/election-results/,first_pass_state_result_surfaces.csv,candidate,
us:il:surface:statewide,IL,source,IL,statewide_results_lead,https://www.elections.il.gov/electionoperations/votetotalsearch.aspx,first_pass_state_result_surfaces.csv,candidate,
us:in:surface:statewide,IN,source,IN,statewide_results_lead,https://enr.indianavoters.in.gov/,first_pass_state_result_surfaces.csv,candidate,
us:ks:surface:statewide,KS,source,KS,statewide_results_lead,https://sos.ks.gov/elections/election-results.html,first_pass_state_result_surfaces.csv,candidate,
us:ky:surface:statewide,KY,source,KY,statewide_results_lead,https://elect.ky.gov/results/Pages/default.aspx,first_pass_state_result_surfaces.csv,candidate,
us:la:surface:statewide,LA,source,LA,statewide_results_lead,https://voterportal.sos.la.gov/graphical,first_pass_state_result_surfaces.csv,candidate,
us:ma:surface:statewide,MA,source,MA,statewide_results_lead,https://www.sec.state.ma.us/divisions/elections/elections-and-voting.htm,first_pass_state_result_surfaces.csv,candidate,
us:md:surface:statewide,MD,source,MD,statewide_results_lead,https://elections.maryland.gov/elections/2026/index.html,first_pass_state_result_surfaces.csv,candidate,
us:me:locality:berwick:york,ME,locality,Berwick,local_election_authority,https://www.berwickmaine.org/town-clerk/pages/elections-voting,me_locality_authorities.csv,candidate,
us:mi:county:clinton,MI,county,Clinton,historical_or_final_results,https://www.clinton-county.org/228/Elections,us_primary_election_localities.csv,verified,us:authority:mi:county-clerk:clinton-county-clerk
us:mn:surface:statewide,MN,source,MN,statewide_results_lead,https://electionresults.sos.mn.gov/,first_pass_state_result_surfaces.csv,candidate,
us:mo:surface:statewide,MO,source,MO,statewide_results_lead,https://enr.sos.mo.gov/,first_pass_state_result_surfaces.csv,candidate,
us:ms:surface:statewide,MS,source,MS,statewide_results_lead,https://www.sos.ms.gov/elections-voting/election-results,first_pass_state_result_surfaces.csv,candidate,
us:mt:surface:statewide,MT,source,MT,statewide_results_lead,https://sosmt.gov/elections/results/,first_pass_state_result_surfaces.csv,candidate,
us:nc:surface:statewide,NC,source,NC,statewide_results_lead,https://www.ncsbe.gov/results-data/election-results,first_pass_state_result_surfaces.csv,candidate,
us:nd:surface:statewide,ND,source,ND,statewide_results_lead,https://results.sos.nd.gov/,first_pass_state_result_surfaces.csv,candidate,
us:nh:surface:statewide,NH,source,NH,statewide_results_lead,https://www.sos.nh.gov/2026-state-primary-election-results,first_pass_state_result_surfaces.csv,candidate,
us:nj:surface:statewide,NJ,source,NJ,statewide_results_lead,https://www.nj.gov/state/elections/election-night-results.shtml,first_pass_state_result_surfaces.csv,candidate,
us:nm:surface:statewide,NM,source,NM,statewide_results_lead,https://electionresults.sos.nm.gov/,first_pass_state_result_surfaces.csv,candidate,
us:nv:surface:statewide,NV,source,NV,statewide_results_lead,https://results.nv.gov/,first_pass_state_result_surfaces.csv,candidate,
us:ny:surface:statewide,NY,source,NY,statewide_results_lead,https://results.elections.ny.gov/,first_pass_state_result_surfaces.csv,candidate,
us:oh:county:hardin,OH,county,Hardin,election_night_lead,https://www.boe.ohio.gov/hardin/,us_primary_election_localities.csv,verified,us:authority:oh:board-of-elections:hardin-county-board-of-elections
us:ok:surface:statewide,OK,source,OK,statewide_results_lead,https://oklahoma.gov/elections/elections-results/election-results.html,first_pass_state_result_surfaces.csv,candidate,
us:or:surface:statewide,OR,source,OR,statewide_results_lead,https://results.oregonvotes.gov/,first_pass_state_result_surfaces.csv,candidate,
us:pa:surface:statewide,PA,source,PA,statewide_results_lead,https://www.electionreturns.pa.gov/,first_pass_state_result_surfaces.csv,candidate,
us:ri:surface:statewide,RI,source,RI,statewide_results_lead,https://www.ri.gov/election/results/,first_pass_state_result_surfaces.csv,candidate,
us:sc:surface:statewide,SC,source,SC,statewide_results_lead,https://scvotes.gov/elections-statistics/election-results/,first_pass_state_result_surfaces.csv,candidate,
us:sd:surface:statewide,SD,source,SD,statewide_results_lead,https://electionresults.sd.gov/,first_pass_state_result_surfaces.csv,candidate,
us:tn:surface:statewide,TN,source,TN,statewide_results_lead,https://sos.tn.gov/elections/results,first_pass_state_result_surfaces.csv,candidate,
us:tx:surface:statewide,TX,source,TX,statewide_results_lead,https://www.sos.state.tx.us/elections/historical/index.shtml,first_pass_state_result_surfaces.csv,candidate,
us:ut:surface:county,UT,source,UT,county_results_lead,https://electionresults.utah.gov/results/public/cache-county-ut/elections/Primary06232026/precincts,first_pass_state_result_surfaces.csv,candidate,
us:va:surface:statewide,VA,source,VA,statewide_results_lead,https://enr.elections.virginia.gov/,first_pass_state_result_surfaces.csv,candidate,
us:vt:surface:statewide,VT,source,VT,statewide_results_lead,https://electionresults.vermont.gov/,first_pass_state_result_surfaces.csv,candidate,
us:wa:surface:statewide,WA,source,WA,statewide_results_lead,https://www.sos.wa.gov/elections/data-research/election-data-and-maps/election-results-and-voters-pamphlets,first_pass_state_result_surfaces.csv,candidate,
us:wi:surface:statewide,WI,source,WI,statewide_results_lead,https://elections.wi.gov/elections/election-results,first_pass_state_result_surfaces.csv,candidate,
us:wv:surface:statewide,WV,source,WV,statewide_results_lead,https://sos.wv.gov/elections/election-data/historical-election-results-and-turnout,first_pass_state_result_surfaces.csv,candidate,
us:wy:surface:statewide,WY,source,WY,statewide_results_lead,https://sos.wyo.gov/Elections/Docs/2026/2026PrimaryResults.aspx,first_pass_state_result_surfaces.csv,candidate,
us:me:locality:bethel:oxford,ME,locality,Bethel,local_election_authority,https://www.bethelmaine.org/town-clerk/pages/elections-voting,me_locality_authorities.csv,candidate,
us:mi:county:huron,MI,county,Huron,historical_or_final_results,https://www.co.huron.mi.us/,us_primary_election_localities.csv,verified,us:authority:mi:county-clerk:huron-county-clerk
us:oh:county:harrison,OH,county,Harrison,election_night_lead,https://www.boe.ohio.gov/harrison/,us_primary_election_localities.csv,verified,us:authority:oh:board-of-elections:harrison-county-board-of-elections
us:me:locality:biddeford:york,ME,locality,Biddeford,local_election_authority,https://www.biddefordmaine.org/2347/Elections-Voting,me_locality_authorities.csv,candidate,
us:mi:county:marquette,MI,county,Marquette,historical_or_final_results,https://www.co.marquette.mi.us/,us_primary_election_localities.csv,verified,us:authority:mi:county-clerk:marquette-county-clerk
us:oh:county:henry,OH,county,Henry,election_night_lead,https://www.boe.ohio.gov/henry/,us_primary_election_localities.csv,verified,us:authority:oh:board-of-elections:henry-county-board-of-elections
us:me:locality:blaine:aroostook,ME,locality,Blaine,local_election_authority,https://www.blainemaine.org/town-clerk/pages/elections,me_locality_authorities.csv,candidate,
us:mi:county:midland,MI,county,Midland,historical_or_final_results,https://www.co.midland.mi.us/CountyClerk/Elections.aspx,us_primary_election_localities.csv,verified,us:authority:mi:county-clerk:midland-county-clerk
us:oh:county:highland,OH,county,Highland,election_night_lead,https://www.boe.ohio.gov/highland/,us_primary_election_localities.csv,verified,us:authority:oh:board-of-elections:highland-county-board-of-elections
us:me:locality:blue-hill:hancock,ME,locality,Blue Hill,local_election_authority,https://www.bluehillme.gov/town-clerk/pages/elections,me_locality_authorities.csv,candidate,
us:mi:county:monroe,MI,county,Monroe,historical_or_final_results,https://www.co.monroe.mi.us/officials_and_departments/officials/county_clerk/elections.php,us_primary_election_localities.csv,verified,us:authority:mi:county-clerk:monroe-county-clerk
us:oh:county:hocking,OH,county,Hocking,election_night_lead,https://www.boe.ohio.gov/hocking/,us_primary_election_localities.csv,verified,us:authority:oh:board-of-elections:hocking-county-board-of-elections
us:me:locality:boothbay-harbor:lincoln,ME,locality,Boothbay Harbor,local_election_authority,https://www.boothbayharbor.org/town-clerk/pages/elections,me_locality_authorities.csv,candidate,
us:mi:county:branch,MI,county,Branch,election_night_lead,https://www.countyofbranch.com/departments/county-clerk/elections/election-results/,us_primary_election_localities.csv,verified,us:authority:mi:county-clerk:branch-county-clerk
us:oh:county:holmes,OH,county,Holmes,election_night_lead,https://www.boe.ohio.gov/holmes/,us_primary_election_localities.csv,verified,us:authority:oh:board-of-elections:holmes-county-board-of-elections
us:me:locality:boothbay:lincoln,ME,locality,Boothbay,local_election_authority,https://www.boothbaymaine.org/town-clerk/pages/elections,me_locality_authorities.csv,candidate,
us:mi:county:crawford,MI,county,Crawford,historical_or_final_results,https://www.crawfordco.org/,us_primary_election_localities.csv,verified,us:authority:mi:county-clerk:crawford-county-clerk
us:oh:county:huron,OH,county,Huron,historical_or_final_results,https://www.boe.ohio.gov/huron/,us_primary_election_localities.csv,verified,us:authority:oh:board-of-elections:huron-county-board-of-elections
us:me:locality:bowdoinham:sagadahoc,ME,locality,Bowdoinham,local_election_authority,https://www.bowdoinhammaine.org/town-clerk/pages/elections,me_locality_authorities.csv,candidate,
us:mi:county:dickinson,MI,county,Dickinson,historical_or_final_results,https://www.dickinsoncountymi.gov/,us_primary_election_localities.csv,verified,us:authority:mi:county-clerk:dickinson-county-clerk
us:oh:county:jackson,OH,county,Jackson,election_night_lead,https://www.boe.ohio.gov/jackson/,us_primary_election_localities.csv,verified,us:authority:oh:board-of-elections:jackson-county-board-of-elections
us:me:locality:bowdoin:sagadahoc,ME,locality,Bowdoin,local_election_authority,https://www.bowdoinmaine.org/town-clerk/pages/elections,me_locality_authorities.csv,candidate,
us:mi:county:eaton,MI,county,Eaton,historical_or_final_results,https://www.eatoncounty.org/241/Elections,us_primary_election_localities.csv,verified,us:authority:mi:county-clerk:eaton-county-clerk
us:oh:county:jefferson,OH,county,Jefferson,election_night_lead,https://www.boe.ohio.gov/jefferson/,us_primary_election_localities.csv,verified,us:authority:oh:board-of-elections:jefferson-county-board-of-elections
us:me:locality:bowerbank:piscataquis,ME,locality,Bowerbank,local_election_authority,https://www.bowerbankmaine.org/town-clerk/pages/elections,me_locality_authorities.csv,candidate,
us:mi:county:lenawee,MI,county,Lenawee,election_night_lead,https://www.electionlenawee.com/,us_primary_election_localities.csv,verified,us:authority:mi:county-clerk:lenawee-county-clerk
us:oh:county:knox,OH,county,Knox,election_night_lead,https://www.boe.ohio.gov/knox/,us_primary_election_localities.csv,verified,us:authority:oh:board-of-elections:knox-county-board-of-elections
us:me:locality:bremen:lincoln,ME,locality,Bremen,local_election_authority,https://www.bremenmaine.org/town-clerk/pages/elections,me_locality_authorities.csv,candidate,
us:mi:county:emmet,MI,county,Emmet,historical_or_final_results,https://www.emmetcounty.org/,us_primary_election_localities.csv,verified,us:authority:mi:county-clerk:emmet-county-clerk
us:oh:county:lawrence,OH,county,Lawrence,election_night_lead,https://www.boe.ohio.gov/lawrence/,us_primary_election_localities.csv,verified,us:authority:oh:board-of-elections:lawrence-county-board-of-elections
us:me:locality:bridgewater:aroostook,ME,locality,Bridgewater,local_election_authority,https://www.bridgewatermaine.org/town-clerk/pages/elections,me_locality_authorities.csv,candidate,
us:mi:county:genesee,MI,county,Genesee,election_night_lead,https://www.geneseecountymi.gov/departments/county_clerk/elections/index.php,us_primary_election_localities.csv,verified,us:authority:mi:county-clerk:genesee-county-clerk
us:oh:county:licking,OH,county,Licking,election_night_lead,https://www.boe.ohio.gov/licking/,us_primary_election_localities.csv,verified,us:authority:oh:board-of-elections:licking-county-board-of-elections
us:me:locality:bridgton:cumberland,ME,locality,Bridgton,local_election_authority,https://www.bridgtonmaine.org/town-clerk/pages/elections,me_locality_authorities.csv,candidate,
us:mi:county:gogebic,MI,county,Gogebic,historical_or_final_results,https://www.gogebic.gov/,us_primary_election_localities.csv,verified,us:authority:mi:county-clerk:gogebic-county-clerk
us:oh:county:logan,OH,county,Logan,election_night_lead,https://www.boe.ohio.gov/logan/,us_primary_election_localities.csv,verified,us:authority:oh:board-of-elections:logan-county-board-of-elections
us:me:locality:bristol:lincoln,ME,locality,Bristol,local_election_authority,https://www.bristolmaine.org/town-clerk/pages/elections,me_locality_authorities.csv,candidate,
us:mi:county:gratiot,MI,county,Gratiot,historical_or_final_results,https://www.gratiotmi.com/239/Elections,us_primary_election_localities.csv,verified,us:authority:mi:county-clerk:gratiot-county-clerk
us:oh:county:madison,OH,county,Madison,historical_or_final_results,https://www.boe.ohio.gov/madison/,us_primary_election_localities.csv,verified,us:authority:oh:board-of-elections:madison-county-board-of-elections
us:me:locality:brooklin:hancock,ME,locality,Brooklin,local_election_authority,https://www.brooklinmaine.org/town-clerk/pages/elections,me_locality_authorities.csv,candidate,
us:mi:county:grand-traverse,MI,county,Grand Traverse,election_night_lead,https://www.gtcountymi.gov/2219/Elections,us_primary_election_localities.csv,verified,us:authority:mi:county-clerk:grand-traverse-county-clerk
us:oh:county:marion,OH,county,Marion,election_night_lead,https://www.boe.ohio.gov/marion/,us_primary_election_localities.csv,verified,us:authority:oh:board-of-elections:marion-county-board-of-elections
us:me:locality:brooks:waldo,ME,locality,Brooks,local_election_authority,https://www.brooksmaine.org/town-clerk/pages/elections,me_locality_authorities.csv,candidate,
us:mi:county:hillsdale,MI,county,Hillsdale,historical_or_final_results,https://www.hillsdalecounty.gov/,us_primary_election_localities.csv,verified,us:authority:mi:county-clerk:hillsdale-county-clerk
us:oh:county:medina,OH,county,Medina,historical_or_final_results,https://www.boe.ohio.gov/medina/,us_primary_election_localities.csv,verified,us:authority:oh:board-of-elections:medina-county-board-of-elections
us:me:locality:brooksville:hancock,ME,locality,Brooksville,local_election_authority,https://www.brooksvillemaine.org/town-clerk/pages/elections,me_locality_authorities.csv,candidate,
us:mi:county:houghton,MI,county,Houghton,historical_or_final_results,https://www.houghtoncounty.net/,us_primary_election_localities.csv,verified,us:authority:mi:county-clerk:houghton-county-clerk
us:oh:county:meigs,OH,county,Meigs,election_night_lead,https://www.boe.ohio.gov/meigs/,us_primary_election_localities.csv,verified,us:authority:oh:board-of-elections:meigs-county-board-of-elections
us:me:locality:brownfield:oxford,ME,locality,Brownfield,local_election_authority,https://www.brownfieldmaine.org/town-clerk/pages/elections,me_locality_authorities.csv,candidate,
us:mi:county:isabella,MI,county,Isabella,election_night_lead,https://www.isabellacounty.org/departments/county-clerk/elections/,us_primary_election_localities.csv,verified,us:authority:mi:county-clerk:isabella-county-clerk
us:oh:county:mercer,OH,county,Mercer,election_night_lead,https://www.boe.ohio.gov/mercer/,us_primary_election_localities.csv,verified,us:authority:oh:board-of-elections:mercer-county-board-of-elections
us:me:locality:brownville:piscataquis,ME,locality,Brownville,local_election_authority,https://www.brownvillemaine.org/town-clerk/pages/elections,me_locality_authorities.csv,candidate,
us:mi:county:kalamazoo,MI,county,Kalamazoo,election_night_lead,https://www.kalcounty.com/clerk/elections.php,us_primary_election_localities.csv,verified,us:authority:mi:county-clerk:kalamazoo-county-clerk
us:oh:county:miami,OH,county,Miami,historical_or_final_results,https://www.boe.ohio.gov/miami/,us_primary_election_localities.csv,verified,us:authority:oh:board-of-elections:miami-county-board-of-elections
us:me:locality:brunswick:cumberland,ME,locality,Brunswick,local_election_authority,https://www.brunswickme.gov/185/Elections,me_locality_authorities.csv,candidate,
us:mi:county:kalkaska,MI,county,Kalkaska,historical_or_final_results,https://www.kalkaskacounty.net/,us_primary_election_localities.csv,verified,us:authority:mi:county-clerk:kalkaska-county-clerk
us:oh:county:monroe,OH,county,Monroe,election_night_lead,https://www.boe.ohio.gov/monroe/,us_primary_election_localities.csv,verified,us:authority:oh:board-of-elections:monroe-county-board-of-elections
us:me:locality:buckfield:oxford,ME,locality,Buckfield,local_election_authority,https://www.buckfieldmaine.org/town-clerk/pages/elections,me_locality_authorities.csv,candidate,
us:mi:county:lapeer,MI,county,Lapeer,historical_or_final_results,https://www.lapeercountymi.gov/departments/county_clerk/elections.php,us_primary_election_localities.csv,verified,us:authority:mi:county-clerk:lapeer-county-clerk
us:oh:county:morgan,OH,county,Morgan,election_night_lead,https://www.boe.ohio.gov/morgan/,us_primary_election_localities.csv,verified,us:authority:oh:board-of-elections:morgan-county-board-of-elections
us:me:locality:bucksport:hancock,ME,locality,Bucksport,local_election_authority,https://www.bucksportmaine.gov/town-clerk/pages/elections-voting,me_locality_authorities.csv,candidate,
us:mi:county:leelanau,MI,county,Leelanau,historical_or_final_results,https://www.leelanau.gov/,us_primary_election_localities.csv,verified,us:authority:mi:county-clerk:leelanau-county-clerk
us:oh:county:morrow,OH,county,Morrow,election_night_lead,https://www.boe.ohio.gov/morrow/,us_primary_election_localities.csv,verified,us:authority:oh:board-of-elections:morrow-county-board-of-elections
us:me:locality:burnham:waldo,ME,locality,Burnham,local_election_authority,https://www.burnhammaine.org/town-clerk/pages/elections,me_locality_authorities.csv,candidate,
us:mi:county:luce,MI,county,Luce,historical_or_final_results,https://www.lucecountymi.com/,us_primary_election_localities.csv,verified,us:authority:mi:county-clerk:luce-county-clerk
us:oh:county:muskingum,OH,county,Muskingum,historical_or_final_results,https://www.boe.ohio.gov/muskingum/,us_primary_election_localities.csv,verified,us:authority:oh:board-of-elections:muskingum-county-board-of-elections
us:me:locality:buxton:york,ME,locality,Buxton,local_election_authority,https://www.buxton.me.us/town-clerk/pages/elections,me_locality_authorities.csv,candidate,
us:mi:county:mackinac,MI,county,Mackinac,historical_or_final_results,https://www.mackinaccounty.net/,us_primary_election_localities.csv,verified,us:authority:mi:county-clerk:mackinac-county-clerk
us:oh:county:noble,OH,county,Noble,election_night_lead,https://www.boe.ohio.gov/noble/,us_primary_election_localities.csv,verified,us:authority:oh:board-of-elections:noble-county-board-of-elections
us:me:locality:byron:oxford,ME,locality,Byron,local_election_authority,https://www.byronmaine.org/town-clerk/pages/elections,me_locality_authorities.csv,candidate,
us:mi:county:manistee,MI,county,Manistee,historical_or_final_results,https://www.manisteecountymi.gov/194/Elections,us_primary_election_localities.csv,verified,us:authority:mi:county-clerk:manistee-county-clerk
us:oh:county:ottawa,OH,county,Ottawa,election_night_lead,https://www.boe.ohio.gov/ottawa/,us_primary_election_localities.csv,verified,us:authority:oh:board-of-elections:ottawa-county-board-of-elections
us:me:locality:calais:washington,ME,locality,Calais,local_election_authority,https://www.calaismaine.org/town-clerk/pages/elections,me_locality_authorities.csv,candidate,
us:mi:county:mason,MI,county,Mason,historical_or_final_results,https://www.masoncounty.net/departments/clerk/elections/,us_primary_election_localities.csv,verified,us:authority:mi:county-clerk:mason-county-clerk
us:oh:county:paulding,OH,county,Paulding,election_night_lead,https://www.boe.ohio.gov/paulding/,us_primary_election_localities.csv,verified,us:authority:oh:board-of-elections:paulding-county-board-of-elections
us:me:locality:camden:knox,ME,locality,Camden,local_election_authority,https://www.camdenmaine.gov/town-clerk/pages/elections,me_locality_authorities.csv,candidate,
us:mi:county:mecosta,MI,county,Mecosta,historical_or_final_results,https://www.mecostacounty.org/government/clerk/elections.php,us_primary_election_localities.csv,verified,us:authority:mi:county-clerk:mecosta-county-clerk
us:oh:county:perry,OH,county,Perry,election_night_lead,https://www.boe.ohio.gov/perry/,us_primary_election_localities.csv,verified,us:authority:oh:board-of-elections:perry-county-board-of-elections
us:me:locality:canaan:somerset,ME,locality,Canaan,local_election_authority,https://www.canaanmaine.org/town-clerk/pages/elections,me_locality_authorities.csv,candidate,
us:mi:county:menominee,MI,county,Menominee,historical_or_final_results,https://www.menomineecounty.com/,us_primary_election_localities.csv,verified,us:authority:mi:county-clerk:menominee-county-clerk
us:oh:county:pickaway,OH,county,Pickaway,election_night_lead,https://www.boe.ohio.gov/pickaway/,us_primary_election_localities.csv,verified,us:authority:oh:board-of-elections:pickaway-county-board-of-elections
us:me:locality:canton:oxford,ME,locality,Canton,local_election_authority,https://www.cantonmaine.org/town-clerk/pages/elections,me_locality_authorities.csv,candidate,
us:mi,MI,state,MI,state_election_authority,https://www.michigan.gov/sos/elections,us_state_central_authority_sources.csv,verified,
us:oh:county:pike,OH,county,Pike,election_night_lead,https://www.boe.ohio.gov/pike/,us_primary_election_localities.csv,verified,us:authority:oh:board-of-elections:pike-county-board-of-elections
us:me:locality:cape-elizabeth:cumberland,ME,locality,Cape Elizabeth,local_election_authority,https://www.capeelizabeth.com/departments/TownClerk/elections.html,me_locality_authorities.csv,candidate,
us:mi:surface:statewide,MI,source,MI,statewide_results_lead,https://www.michigan.gov/sos/elections/election-results-and-data,first_pass_state_result_surfaces.csv,candidate,
us:oh:county:preble,OH,county,Preble,election_night_lead,https://www.boe.ohio.gov/preble/,us_primary_election_localities.csv,verified,us:authority:oh:board-of-elections:preble-county-board-of-elections
us:me:locality:caribou:aroostook,ME,locality,Caribou,local_election_authority,https://www.cariboumaine.org/government/departments/city-clerk/elections/,me_locality_authorities.csv,candidate,
us:mi:county:jackson,MI,county,Jackson,election_night_lead,https://www.mijackson.org/170/Elections,us_primary_election_localities.csv,verified,us:authority:mi:county-clerk:jackson-county-clerk
us:oh:county:putnam,OH,county,Putnam,election_night_lead,https://www.boe.ohio.gov/putnam/,us_primary_election_localities.csv,verified,us:authority:oh:board-of-elections:putnam-county-board-of-elections
us:me:locality:carthage:franklin,ME,locality,Carthage,local_election_authority,https://www.carthagemaine.org/town-clerk/pages/elections,me_locality_authorities.csv,candidate,
us:mi:source:mi-jackson-archive,MI,source,Jackson County,official_source,https://www.mijackson.org/3158/Election-Results-Archive,sources.csv,candidate,
us:oh:county:richland,OH,county,Richland,election_night_lead,https://www.boe.ohio.gov/richland/,us_primary_election_localities.csv,verified,us:authority:oh:board-of-elections:richland-county-board-of-elections
us:me:locality:casco:cumberland,ME,locality,Casco,local_election_authority,https://www.cascomaine.org/town-clerk/pages/elections-voting,me_locality_authorities.csv,candidate,
us:mi:county:ottawa,MI,county,Ottawa,election_night_lead,https://www.miottawa.org/departments/county-clerk/elections/,us_primary_election_localities.csv,verified,us:authority:mi:county-clerk:ottawa-county-clerk
us:oh:county:ross,OH,county,Ross,election_night_lead,https://www.boe.ohio.gov/ross/,us_primary_election_localities.csv,verified,us:authority:oh:board-of-elections:ross-county-board-of-elections
us:me:locality:castine:hancock,ME,locality,Castine,local_election_authority,https://www.castine.me.us/town-clerk/pages/elections,me_locality_authorities.csv,candidate,
us:mi:county:missaukee,MI,county,Missaukee,historical_or_final_results,https://www.missaukee.org/,us_primary_election_localities.csv,verified,us:authority:mi:county-clerk:missaukee-county-clerk
us:oh:county:sandusky,OH,county,Sandusky,election_night_lead,https://www.boe.ohio.gov/sandusky/,us_primary_election_localities.csv,verified,us:authority:oh:board-of-elections:sandusky-county-board-of-elections
us:me:locality:chebeague-island:cumberland,ME,locality,Chebeague Island,local_election_authority,https://www.chebeague-islandmaine.org/town-clerk/pages/elections,me_locality_authorities.csv,candidate,
us:mi:county:montcalm,MI,county,Montcalm,election_night_lead,https://www.montcalm.us/643/Elections,us_primary_election_localities.csv,verified,us:authority:mi:county-clerk:montcalm-county-clerk
us:oh:county:scioto,OH,county,Scioto,election_night_lead,https://www.boe.ohio.gov/scioto/,us_primary_election_localities.csv,verified,us:authority:oh:board-of-elections:scioto-county-board-of-elections
us:me:locality:chelsea:kennebec,ME,locality,Chelsea,local_election_authority,https://www.chelseamaine.org/town-clerk/pages/elections,me_locality_authorities.csv,candidate,
us:mi:county:montmorency,MI,county,Montmorency,historical_or_final_results,https://www.montcounty.org/,us_primary_election_localities.csv,verified,us:authority:mi:county-clerk:montmorency-county-clerk
us:oh:county:seneca,OH,county,Seneca,election_night_lead,https://www.boe.ohio.gov/seneca/,us_primary_election_localities.csv,verified,us:authority:oh:board-of-elections:seneca-county-board-of-elections
us:me:locality:cherryfield:washington,ME,locality,Cherryfield,local_election_authority,https://www.cherryfieldmaine.org/town-clerk/pages/elections,me_locality_authorities.csv,candidate,
us:mi:county:newaygo,MI,county,Newaygo,election_night_lead,https://www.newaygocountymi.gov/departments/county-clerk/elections/,us_primary_election_localities.csv,verified,us:authority:mi:county-clerk:newaygo-county-clerk
us:oh:county:shelby,OH,county,Shelby,election_night_lead,https://www.boe.ohio.gov/shelby/,us_primary_election_localities.csv,verified,us:authority:oh:board-of-elections:shelby-county-board-of-elections
us:me:locality:chesterville:franklin,ME,locality,Chesterville,local_election_authority,https://www.chestervillemaine.org/town-clerk/pages/elections,me_locality_authorities.csv,candidate,
us:mi:county:oakland,MI,county,Oakland,election_night_lead,https://www.oakgov.com/government/clerk-register-of-deeds/elections-voting,us_primary_election_localities.csv,verified,us:authority:mi:county-clerk:oakland-county-clerk
us:oh:county:summit,OH,county,Summit,election_night_lead,https://www.boe.ohio.gov/summit/,us_primary_election_localities.csv,verified,us:authority:oh:board-of-elections:summit-county-board-of-elections
us:me:locality:bath:sagadahoc,ME,locality,Bath,local_election_authority,https://www.cityofbathmaine.gov/250/Elections-Voting,me_locality_authorities.csv,candidate,
us:mi:county:ogemaw,MI,county,Ogemaw,historical_or_final_results,https://www.ocmi.us/,us_primary_election_localities.csv,verified,us:authority:mi:county-clerk:ogemaw-county-clerk
us:oh:county:tuscarawas,OH,county,Tuscarawas,election_night_lead,https://www.boe.ohio.gov/tuscarawas/,us_primary_election_localities.csv,verified,us:authority:oh:board-of-elections:tuscarawas-county-board-of-elections
us:me:locality:belfast:waldo,ME,locality,Belfast,local_election_authority,https://www.cityofbelfast.org/129/Elections-Voter-Registration,me_locality_authorities.csv,candidate,
us:mi:county:ontonagon,MI,county,Ontonagon,historical_or_final_results,https://www.ontonagoncounty.org/,us_primary_election_localities.csv,verified,us:authority:mi:county-clerk:ontonagon-county-clerk
us:oh:county:union,OH,county,Union,election_night_lead,https://www.boe.ohio.gov/union/,us_primary_election_localities.csv,verified,us:authority:oh:board-of-elections:union-county-board-of-elections
us:me:locality:clifton:penobscot,ME,locality,Clifton,local_election_authority,https://www.cliftonmaine.org/town-clerk/pages/elections,me_locality_authorities.csv,candidate,
us:mi:county:osceola,MI,county,Osceola,historical_or_final_results,https://www.osceola-county.org/residents/county_departments/county_clerk/elections.php,us_primary_election_localities.csv,verified,us:authority:mi:county-clerk:osceola-county-clerk
us:oh:county:van-wert,OH,county,Van Wert,election_night_lead,https://www.boe.ohio.gov/van-wert/,us_primary_election_localities.csv,verified,us:authority:oh:board-of-elections:van-wert-county-board-of-elections
us:me:locality:columbia-falls:washington,ME,locality,Columbia Falls,local_election_authority,https://www.columbia-fallsmaine.org/town-clerk/pages/elections,me_locality_authorities.csv,candidate,
us:mi:county:oscoda,MI,county,Oscoda,historical_or_final_results,https://www.oscodacountymi.com/,us_primary_election_localities.csv,verified,us:authority:mi:county-clerk:oscoda-county-clerk
us:oh:county:vinton,OH,county,Vinton,election_night_lead,https://www.boe.ohio.gov/vinton/,us_primary_election_localities.csv,verified,us:authority:oh:board-of-elections:vinton-county-board-of-elections
us:me:locality:columbia:washington,ME,locality,Columbia,local_election_authority,https://www.columbiamaine.org/town-clerk/pages/elections,me_locality_authorities.csv,candidate,
us:mi:county:otsego,MI,county,Otsego,historical_or_final_results,https://www.otsegocountymi.gov/,us_primary_election_localities.csv,verified,us:authority:mi:county-clerk:otsego-county-clerk
us:oh:county:washington,OH,county,Washington,election_night_lead,https://www.boe.ohio.gov/washington/,us_primary_election_localities.csv,verified,us:authority:oh:board-of-elections:washington-county-board-of-elections
us:me:locality:cornish:york,ME,locality,Cornish,local_election_authority,https://www.cornishmaine.org/town-clerk/pages/elections,me_locality_authorities.csv,candidate,
us:mi:county:roscommon,MI,county,Roscommon,historical_or_final_results,https://www.roscommoncounty.net/,us_primary_election_localities.csv,verified,us:authority:mi:county-clerk:roscommon-county-clerk
us:oh:county:wayne,OH,county,Wayne,election_night_lead,https://www.boe.ohio.gov/wayne/,us_primary_election_localities.csv,verified,us:authority:oh:board-of-elections:wayne-county-board-of-elections
us:me:locality:cranberry-isles:hancock,ME,locality,Cranberry Isles,local_election_authority,https://www.cranberry-islesmaine.org/town-clerk/pages/elections,me_locality_authorities.csv,candidate,
us:mi:county:saginaw,MI,county,Saginaw,historical_or_final_results,https://www.saginawcounty.com/departments/county-clerk/elections/,us_primary_election_localities.csv,verified,us:authority:mi:county-clerk:saginaw-county-clerk
us:oh:county:williams,OH,county,Williams,election_night_lead,https://www.boe.ohio.gov/williams/,us_primary_election_localities.csv,verified,us:authority:oh:board-of-elections:williams-county-board-of-elections
us:me:locality:cumberland:cumberland,ME,locality,Cumberland,local_election_authority,https://www.cumberlandmaine.com/town-clerk/pages/elections-voting,me_locality_authorities.csv,candidate,
us:mi:county:sanilac,MI,county,Sanilac,historical_or_final_results,https://www.sanilaccounty.net/,us_primary_election_localities.csv,verified,us:authority:mi:county-clerk:sanilac-county-clerk
us:oh:county:wyandot,OH,county,Wyandot,election_night_lead,https://www.boe.ohio.gov/wyandot/,us_primary_election_localities.csv,verified,us:authority:oh:board-of-elections:wyandot-county-board-of-elections
us:me:locality:cushing:knox,ME,locality,Cushing,local_election_authority,https://www.cushingmaine.org/town-clerk/pages/elections,me_locality_authorities.csv,candidate,
us:mi:county:schoolcraft,MI,county,Schoolcraft,historical_or_final_results,https://www.schoolcraftcounty.net/,us_primary_election_localities.csv,verified,us:authority:mi:county-clerk:schoolcraft-county-clerk
us:oh:county:greene,OH,county,Greene,election_night_lead,https://www.greenecountyohio.gov/128/Board-of-Elections,us_primary_election_localities.csv,verified,us:authority:oh:board-of-elections:greene-county-board-of-elections
us:me:locality:cutler:washington,ME,locality,Cutler,local_election_authority,https://www.cutlermaine.org/town-clerk/pages/elections,me_locality_authorities.csv,candidate,
us:mi:county:shiawassee,MI,county,Shiawassee,historical_or_final_results,https://www.shiawassee.net/County-Clerk/Elections/,us_primary_election_localities.csv,verified,us:authority:mi:county-clerk:shiawassee-county-clerk
us:oh:county:lake,OH,county,Lake,election_night_lead,https://www.lakecountyohio.gov/boe/,us_primary_election_localities.csv,verified,us:authority:oh:board-of-elections:lake-county-board-of-elections
us:me:locality:damariscotta:lincoln,ME,locality,Damariscotta,local_election_authority,https://www.damariscottame.com/town-clerk/pages/elections,me_locality_authorities.csv,candidate,
us:mi:county:st-clair,MI,county,St. Clair,historical_or_final_results,https://www.stclaircounty.org/offices/109,us_primary_election_localities.csv,verified,us:authority:mi:county-clerk:st-clair-county-clerk
us:oh:county:lucas,OH,county,Lucas,election_night_lead,https://www.lucascountyohiovotes.gov/,us_primary_election_localities.csv,verified,us:authority:oh:board-of-elections:lucas-county-board-of-elections
us:me:locality:danforth:washington,ME,locality,Danforth,local_election_authority,https://www.danforthmaine.org/town-clerk/pages/elections,me_locality_authorities.csv,candidate,
us:mi:county:st-joseph,MI,county,St. Joseph,historical_or_final_results,https://www.stjosephcountymi.org/,us_primary_election_localities.csv,verified,us:authority:mi:county-clerk:st-joseph-county-clerk
us:oh:county:montgomery,OH,county,Montgomery,election_night_lead,https://www.montgomery.boe.ohio.gov/,us_primary_election_localities.csv,verified,us:authority:oh:board-of-elections:montgomery-county-board-of-elections
us:me:locality:dayton:york,ME,locality,Dayton,local_election_authority,https://www.dayton-me.gov/town-clerk/pages/elections,me_locality_authorities.csv,candidate,
us:mi:county:tuscola,MI,county,Tuscola,historical_or_final_results,https://www.tuscolacounty.org/,us_primary_election_localities.csv,verified,us:authority:mi:county-clerk:tuscola-county-clerk
us:oh,OH,state,OH,state_election_authority,https://www.ohiosos.gov/elections/,us_state_central_authority_sources.csv,verified,
us:me:locality:dedham:hancock,ME,locality,Dedham,local_election_authority,https://www.dedhamme.org/town-clerk/pages/elections,me_locality_authorities.csv,candidate,
us:mi:county:van-buren,MI,county,Van Buren,historical_or_final_results,https://www.vanburencountymi.gov/,us_primary_election_localities.csv,verified,us:authority:mi:county-clerk:van-buren-county-clerk
