jurisdiction_id,state,jurisdiction_level,jurisdiction_name,page_role,url,evidence_registry,verification_status,authority_id,discovered_from
us:mi:county:berrien,MI,county,Berrien,observed_dashboard_link,https://app.enhancedvoting.com/results/public/berrien-county-mi/elections/2026Augustelection,dashboard-discovery/expansion_or_pilot,verified,us:authority:mi:county-clerk:berrien-county-clerk,https://www.berriencounty.org/169/Election-Reporting-Archive
us:mi:county:kent,MI,county,Kent,observed_dashboard_link,https://app.enhancedvoting.com/results/public/kent-county-mi/elections/05052026,dashboard-discovery/expansion_or_pilot,verified,us:authority:mi:county-clerk:kent-county-clerk,https://www.kentcountymi.gov/197/Elections
us:mi:county:kent,MI,county,Kent,observed_dashboard_link,https://app.enhancedvoting.com/results/public/kent-county-mi/elections/08042026,dashboard-discovery/expansion_or_pilot,verified,us:authority:mi:county-clerk:kent-county-clerk,https://www.kentcountymi.gov/197/Elections
us:mi:county:newaygo,MI,county,Newaygo,observed_dashboard_link,https://app.enhancedvoting.com/results/public/newaygo-county-mi/elections/August2026PrimaryElection,dashboard-discovery/expansion_or_pilot,verified,us:authority:mi:county-clerk:newaygo-county-clerk,https://www.newaygocountymi.gov/departments/county-clerk/elections/
us:mi:county:berrien,MI,county,Berrien,observed_dashboard_link,https://app.enhancedvoting.com/results/public/berrien-county-mi/elections/MaySpecialElection05052026,dashboard-discovery/expansion_or_pilot,verified,us:authority:mi:county-clerk:berrien-county-clerk,https://www.berriencounty.org/169/Election-Reporting-Archive
us:va:surface:statewide,VA,source,VA,observed_dashboard_link,https://enr.elections.virginia.gov/results/public/virginia/2026-April-14-Special,dashboard-discovery/expansion_or_pilot,candidate,,https://www.elections.virginia.gov/results/
us:va:surface:statewide,VA,source,VA,observed_dashboard_link,https://enr.elections.virginia.gov/results/public/virginia/2026-April-21-Special,dashboard-discovery/expansion_or_pilot,candidate,,https://www.elections.virginia.gov/results/
us:va:surface:statewide,VA,source,VA,observed_dashboard_link,https://enr.elections.virginia.gov/results/public/virginia/2026-February-3-Special,dashboard-discovery/expansion_or_pilot,candidate,,https://www.elections.virginia.gov/results/
us:va:surface:statewide,VA,source,VA,observed_dashboard_link,https://enr.elections.virginia.gov/results/public/virginia/2026-January-13-Special,dashboard-discovery/expansion_or_pilot,candidate,,https://www.elections.virginia.gov/results/
us:va:surface:statewide,VA,source,VA,observed_dashboard_link,https://enr.elections.virginia.gov/results/public/virginia/2026-January-20-Special,dashboard-discovery/expansion_or_pilot,candidate,,https://www.elections.virginia.gov/results/
us:va:surface:statewide,VA,source,VA,observed_dashboard_link,https://enr.elections.virginia.gov/results/public/virginia/2026-January-6-Special,dashboard-discovery/expansion_or_pilot,candidate,,https://www.elections.virginia.gov/results/
us:va:surface:statewide,VA,source,VA,observed_dashboard_link,https://enr.elections.virginia.gov/results/public/virginia/2026-March-17-Special,dashboard-discovery/expansion_or_pilot,candidate,,https://www.elections.virginia.gov/results/
us:va:surface:statewide,VA,source,VA,observed_dashboard_link,https://enr.elections.virginia.gov/results/public/virginia/elections/2026-August-Democratic-Primary,dashboard-discovery/expansion_or_pilot,candidate,,https://www.elections.virginia.gov/results/
us:va:surface:statewide,VA,source,VA,observed_dashboard_link,https://enr.elections.virginia.gov/results/public/virginia/elections/2026-August-Republican-Primary,dashboard-discovery/expansion_or_pilot,candidate,,https://www.elections.virginia.gov/results/
us:va:surface:statewide,VA,source,VA,observed_dashboard_link,https://enr.elections.virginia.gov/results/public/virginia/elections/2026-February-10-Special,dashboard-discovery/expansion_or_pilot,candidate,,https://www.elections.virginia.gov/results/
us:va:surface:statewide,VA,source,VA,observed_dashboard_link,https://enr.elections.virginia.gov/results/public/virginia/elections/2026-March-10-Special,dashboard-discovery/expansion_or_pilot,candidate,,https://www.elections.virginia.gov/results/
us:va:surface:statewide,VA,source,VA,observed_dashboard_link,https://enr.elections.virginia.gov/results/public/virginia/elections/2026-March-3-Special,dashboard-discovery/expansion_or_pilot,candidate,,https://www.elections.virginia.gov/results/
us:wa:surface:statewide,WA,source,WA,observed_dashboard_link,https://results.votewa.gov/results/public/washington/elections/20260210,dashboard-discovery/expansion_or_pilot,candidate,,https://www.sos.wa.gov/elections/data-research/election-data-and-maps/election-results-and-voters-pamphlets
us:wa:surface:statewide,WA,source,WA,observed_dashboard_link,https://results.votewa.gov/results/public/washington/elections/20260428,dashboard-discovery/expansion_or_pilot,candidate,,https://www.sos.wa.gov/elections/data-research/election-data-and-maps/election-results-and-voters-pamphlets
us:wa:surface:statewide,WA,source,WA,observed_dashboard_link,https://results.votewa.gov/results/public/washington/elections/20260804,dashboard-discovery/expansion_or_pilot,candidate,,https://www.sos.wa.gov/elections/data-research/election-data-and-maps/election-results-and-voters-pamphlets
us:mi:county:cass,MI,county,Cass,observed_dashboard_link,https://results.enr.clarityelections.com/MI/Cass/127065/web.345435/,dashboard-discovery/expansion_or_pilot,verified,us:authority:mi:county-clerk:cass-county-clerk,https://www.casscountymi.org/
us:mi:county:eaton,MI,county,Eaton,observed_dashboard_link,https://results.enr.clarityelections.com/MI/Eaton/126345/,dashboard-discovery/expansion_or_pilot,verified,us:authority:mi:county-clerk:eaton-county-clerk,https://www.eatoncounty.org/241/Election-Results
us:mi:county:eaton,MI,county,Eaton,observed_dashboard_link,https://results.enr.clarityelections.com/MI/Eaton/126881/,dashboard-discovery/expansion_or_pilot,verified,us:authority:mi:county-clerk:eaton-county-clerk,https://www.eatoncounty.org/241/Election-Results
us:wv:surface:statewide,WV,source,WV,observed_dashboard_link,https://results.enr.clarityelections.com/WV/126209/web.345435/,dashboard-discovery/expansion_or_pilot,candidate,,https://sos.wv.gov/elections/election-data/historical-election-results-and-turnout
us:mi:county:berrien,MI,county,Berrien,observed_dashboard_link,https://app.enhancedvoting.com/results/public/berrien-county-MI/elections/AugustStatePrimary08062024,dashboard-discovery/expansion_or_pilot,verified,us:authority:mi:county-clerk:berrien-county-clerk,https://www.berriencounty.org/169/Election-Reporting-Archive
us:mi:county:berrien,MI,county,Berrien,observed_dashboard_link,https://app.enhancedvoting.com/results/public/berrien-county-mi/elections/NovemberGeneral11052024,dashboard-discovery/expansion_or_pilot,verified,us:authority:mi:county-clerk:berrien-county-clerk,https://www.berriencounty.org/169/Election-Reporting-Archive
us:mi:county:cass,MI,county,Cass,observed_dashboard_link,https://results.enr.clarityelections.com/MI/Cass/124696/web.345435/,dashboard-discovery/expansion_or_pilot,verified,us:authority:mi:county-clerk:cass-county-clerk,https://www.casscountymi.org/
us:mi:county:eaton,MI,county,Eaton,observed_dashboard_link,https://results.enr.clarityelections.com/MI/Eaton/100189/,dashboard-discovery/expansion_or_pilot,verified,us:authority:mi:county-clerk:eaton-county-clerk,https://www.eatoncounty.org/241/Election-Results
us:mi:county:eaton,MI,county,Eaton,observed_dashboard_link,https://results.enr.clarityelections.com/MI/Eaton/104475/,dashboard-discovery/expansion_or_pilot,verified,us:authority:mi:county-clerk:eaton-county-clerk,https://www.eatoncounty.org/241/Election-Results
us:mi:county:eaton,MI,county,Eaton,observed_dashboard_link,https://results.enr.clarityelections.com/MI/Eaton/106278/,dashboard-discovery/expansion_or_pilot,verified,us:authority:mi:county-clerk:eaton-county-clerk,https://www.eatoncounty.org/241/Election-Results
us:mi:county:eaton,MI,county,Eaton,observed_dashboard_link,https://results.enr.clarityelections.com/MI/Eaton/109365/,dashboard-discovery/expansion_or_pilot,verified,us:authority:mi:county-clerk:eaton-county-clerk,https://www.eatoncounty.org/241/Election-Results
us:mi:county:eaton,MI,county,Eaton,observed_dashboard_link,https://results.enr.clarityelections.com/MI/Eaton/111518/,dashboard-discovery/expansion_or_pilot,verified,us:authority:mi:county-clerk:eaton-county-clerk,https://www.eatoncounty.org/241/Election-Results
us:mi:county:eaton,MI,county,Eaton,observed_dashboard_link,https://results.enr.clarityelections.com/MI/Eaton/112972/,dashboard-discovery/expansion_or_pilot,verified,us:authority:mi:county-clerk:eaton-county-clerk,https://www.eatoncounty.org/241/Election-Results
us:mi:county:eaton,MI,county,Eaton,observed_dashboard_link,https://results.enr.clarityelections.com/MI/Eaton/115242/,dashboard-discovery/expansion_or_pilot,verified,us:authority:mi:county-clerk:eaton-county-clerk,https://www.eatoncounty.org/241/Election-Results
us:mi:county:eaton,MI,county,Eaton,observed_dashboard_link,https://results.enr.clarityelections.com/MI/Eaton/116159/web.307039/,dashboard-discovery/expansion_or_pilot,verified,us:authority:mi:county-clerk:eaton-county-clerk,https://www.eatoncounty.org/241/Election-Results
us:mi:county:eaton,MI,county,Eaton,observed_dashboard_link,https://results.enr.clarityelections.com/MI/Eaton/117762/,dashboard-discovery/expansion_or_pilot,verified,us:authority:mi:county-clerk:eaton-county-clerk,https://www.eatoncounty.org/241/Election-Results
us:mi:county:eaton,MI,county,Eaton,observed_dashboard_link,https://results.enr.clarityelections.com/MI/Eaton/118317/,dashboard-discovery/expansion_or_pilot,verified,us:authority:mi:county-clerk:eaton-county-clerk,https://www.eatoncounty.org/241/Election-Results
us:mi:county:eaton,MI,county,Eaton,observed_dashboard_link,https://results.enr.clarityelections.com/MI/Eaton/119034/web.317647/,dashboard-discovery/expansion_or_pilot,verified,us:authority:mi:county-clerk:eaton-county-clerk,https://www.eatoncounty.org/241/Election-Results
us:mi:county:eaton,MI,county,Eaton,observed_dashboard_link,https://results.enr.clarityelections.com/MI/Eaton/120372/,dashboard-discovery/expansion_or_pilot,verified,us:authority:mi:county-clerk:eaton-county-clerk,https://www.eatoncounty.org/241/Election-Results
us:mi:county:eaton,MI,county,Eaton,observed_dashboard_link,https://results.enr.clarityelections.com/MI/Eaton/122272/,dashboard-discovery/expansion_or_pilot,verified,us:authority:mi:county-clerk:eaton-county-clerk,https://www.eatoncounty.org/241/Election-Results
us:mi:county:eaton,MI,county,Eaton,observed_dashboard_link,https://results.enr.clarityelections.com/MI/Eaton/122590/web.345435/,dashboard-discovery/expansion_or_pilot,verified,us:authority:mi:county-clerk:eaton-county-clerk,https://www.eatoncounty.org/241/Election-Results
us:mi:county:eaton,MI,county,Eaton,observed_dashboard_link,https://results.enr.clarityelections.com/MI/Eaton/124075/web.345435/,dashboard-discovery/expansion_or_pilot,verified,us:authority:mi:county-clerk:eaton-county-clerk,https://www.eatoncounty.org/241/Election-Results
us:mi:county:eaton,MI,county,Eaton,observed_dashboard_link,https://results.enr.clarityelections.com/MI/Eaton/125149/,dashboard-discovery/expansion_or_pilot,verified,us:authority:mi:county-clerk:eaton-county-clerk,https://www.eatoncounty.org/241/Election-Results
us:mi:county:oakland,MI,county,Oakland,observed_dashboard_link,https://results.enr.clarityelections.com/MI/Oakland/126183/web.345435/,dashboard-discovery/expansion_or_pilot,verified,us:authority:mi:county-clerk:oakland-county-clerk,https://elections.oaklandcountymi.gov/government/clerk-register-of-deeds/elections-voting
us:mi:county:oakland,MI,county,Oakland,observed_dashboard_link,https://results.enr.clarityelections.com/MI/Oakland/127074/web.345435/,dashboard-discovery/expansion_or_pilot,verified,us:authority:mi:county-clerk:oakland-county-clerk,https://elections.oaklandcountymi.gov/government/clerk-register-of-deeds/elections-voting
us:va:surface:statewide,VA,source,VA,observed_dashboard_link,https://enr.elections.virginia.gov/results/public/virginia,dashboard-discovery/expansion_or_pilot,candidate,,https://www.elections.virginia.gov/results/
us:mi:county:berrien,MI,county,Berrien,observed_dashboard_link,https://app.enhancedvoting.com/results/public/berrien-county-mi,dashboard-discovery/expansion_or_pilot,verified,us:authority:mi:county-clerk:berrien-county-clerk,https://www.berriencounty.org/169/Election-Reporting-Archive
us:mi:county:berrien,MI,county,Berrien,observed_dashboard_link,https://app.enhancedvoting.com/results/public/berrien-county-mi/elections/AugustElection08052025_20250619134311,dashboard-discovery/expansion_or_pilot,verified,us:authority:mi:county-clerk:berrien-county-clerk,https://www.berriencounty.org/169/Election-Reporting-Archive
us:mi:county:berrien,MI,county,Berrien,observed_dashboard_link,https://app.enhancedvoting.com/results/public/berrien-county-mi/elections/MaySpecialElection05062025,dashboard-discovery/expansion_or_pilot,verified,us:authority:mi:county-clerk:berrien-county-clerk,https://www.berriencounty.org/169/Election-Reporting-Archive
us:mi:county:berrien,MI,county,Berrien,observed_dashboard_link,https://app.enhancedvoting.com/results/public/berrien-county-mi/elections/November11042025,dashboard-discovery/expansion_or_pilot,verified,us:authority:mi:county-clerk:berrien-county-clerk,https://www.berriencounty.org/169/Election-Reporting-Archive
