url,state,page_role,status,access_state,http_status,error,observed_at
http://ctemspublic.pcctg.net/,,observed_target,fetched,application_shell,,,2026-10-09T21:49:00.985778+00:00
https://electionresults.iowa.gov/IA/,IA,statewide_results_lead,fetch_failed,,403,HTTPStatusError,
https://electionresults.sd.gov/,SD,statewide_results_lead,fetch_failed,,,ConnectError,
https://electionresults.sos.ca.gov/,CA,statewide_results_lead,fetch_failed,,403,HTTPStatusError,
https://electionresults.sos.nm.gov/,NM,statewide_results_lead,blocked_html,blocked_html,,,2026-10-09T21:47:00.589569+00:00
https://electionresults.utah.gov/results/public/cache-county-ut/elections/Primary06232026/precincts,UT,county_results_lead,fetched,application_shell,,,2026-10-09T21:47:05.462750+00:00
https://electionresults.vermont.gov/,VT,statewide_results_lead,fetch_failed,,406,HTTPStatusError,
https://elections.wi.gov/elections/election-results,WI,statewide_results_lead,fetch_failed,,403,HTTPStatusError,
https://enr.indianavoters.in.gov/,IN,statewide_results_lead,fetched,application_shell,,,2026-10-09T21:46:52.078550+00:00
https://enr.indianavoters.in.gov/site/index.html,,observed_target,fetched,application_shell,,,2026-10-09T21:50:02.479592+00:00
https://enr.indianavoters.in.gov/site/{{electionResultsDocument}},,observed_target,fetch_failed,,404,HTTPStatusError,
https://results.sos.ga.gov/results/public/Georgia/elections/GeneralPrimary51926,GA,statewide_results_lead,fetched,application_shell,,,2026-10-09T21:46:48.978700+00:00
https://results.voteidaho.gov/results/public/ada-county-id/elections/may2026,,observed_target,fetched,application_shell,,,2026-10-09T21:49:13.014974+00:00
https://results.voteidaho.gov/results/public/ada-county-id/elections/nov2025,,observed_target,fetched,application_shell,,,2026-10-09T21:49:13.870338+00:00
https://results.voteidaho.gov/results/public/adams-county-id/elections/may2026,,observed_target,fetched,application_shell,,,2026-10-09T21:49:14.887078+00:00
https://results.voteidaho.gov/results/public/adams-county-id/elections/nov2025,,observed_target,fetched,application_shell,,,2026-10-09T21:49:15.880951+00:00
https://results.voteidaho.gov/results/public/bannock-county-id/elections/dec2025,,observed_target,fetched,application_shell,,,2026-10-09T21:49:16.884412+00:00
https://results.voteidaho.gov/results/public/bannock-county-id/elections/may2026,,observed_target,fetched,application_shell,,,2026-10-09T21:49:17.907635+00:00
https://results.voteidaho.gov/results/public/bannock-county-id/elections/nov2025,,observed_target,fetched,application_shell,,,2026-10-09T21:49:18.895397+00:00
https://results.voteidaho.gov/results/public/bear-lake-county-id/elections/may2026,,observed_target,fetched,application_shell,,,2026-10-09T21:49:19.906546+00:00
https://results.voteidaho.gov/results/public/bear-lake-county-id/elections/nov2025,,observed_target,fetched,application_shell,,,2026-10-09T21:49:20.895927+00:00
https://results.voteidaho.gov/results/public/benewah-county-id/elections/may2026,,observed_target,fetched,application_shell,,,2026-10-09T21:49:21.928991+00:00
https://results.voteidaho.gov/results/public/benewah-county-id/elections/nov2025,,observed_target,fetched,application_shell,,,2026-10-09T21:49:22.913938+00:00
https://results.voteidaho.gov/results/public/bingham-county-id/elections/may2026,,observed_target,fetched,application_shell,,,2026-10-09T21:49:23.934022+00:00
https://results.voteidaho.gov/results/public/bingham-county-id/elections/nov2025,,observed_target,fetched,application_shell,,,2026-10-09T21:49:24.921674+00:00
https://results.voteidaho.gov/results/public/blaine-county-id/elections/may2026,,observed_target,fetched,application_shell,,,2026-10-09T21:49:25.923186+00:00
https://results.voteidaho.gov/results/public/blaine-county-id/elections/nov2025,,observed_target,fetched,application_shell,,,2026-10-09T21:49:26.931361+00:00
https://results.voteidaho.gov/results/public/boise-county-id/elections/may2026,,observed_target,fetched,application_shell,,,2026-10-09T21:49:27.938159+00:00
https://results.voteidaho.gov/results/public/boise-county-id/elections/nov2025,,observed_target,fetched,application_shell,,,2026-10-09T21:49:28.933566+00:00
https://results.voteidaho.gov/results/public/bonner-county-id/elections/may2026,,observed_target,fetched,application_shell,,,2026-10-09T21:49:29.963418+00:00
https://results.voteidaho.gov/results/public/bonner-county-id/elections/nov2025,,observed_target,fetched,application_shell,,,2026-10-09T21:49:30.957244+00:00
https://results.voteidaho.gov/results/public/bonneville-county-id/elections/dec2025,,observed_target,fetched,application_shell,,,2026-10-09T21:49:31.945293+00:00
https://results.voteidaho.gov/results/public/bonneville-county-id/elections/may2026,,observed_target,fetched,application_shell,,,2026-10-09T21:49:32.955377+00:00
https://results.voteidaho.gov/results/public/bonneville-county-id/elections/nov2025,,observed_target,fetched,application_shell,,,2026-10-09T21:49:33.973318+00:00
https://results.voteidaho.gov/results/public/boundary-county-id/elections/may2026,,observed_target,fetched,application_shell,,,2026-10-09T21:49:34.990029+00:00
https://results.voteidaho.gov/results/public/boundary-county-id/elections/nov2025,,observed_target,fetched,application_shell,,,2026-10-09T21:49:35.975000+00:00
https://results.voteidaho.gov/results/public/butte-county-id/elections/may2026,,observed_target,fetched,application_shell,,,2026-10-09T21:49:36.974023+00:00
https://results.voteidaho.gov/results/public/butte-county-id/elections/nov2025,,observed_target,fetched,application_shell,,,2026-10-09T21:49:38.016995+00:00
https://results.voteidaho.gov/results/public/camas-county-id/elections/may2026,,observed_target,fetched,application_shell,,,2026-10-09T21:49:39.001140+00:00
https://results.voteidaho.gov/results/public/camas-county-id/elections/nov2025,,observed_target,fetched,application_shell,,,2026-10-09T21:49:39.982281+00:00
https://results.voteidaho.gov/results/public/canyon-county-id/elections/may2026,,observed_target,fetched,application_shell,,,2026-10-09T21:49:41.030901+00:00
https://results.voteidaho.gov/results/public/canyon-county-id/elections/nov2025,,observed_target,fetched,application_shell,,,2026-10-09T21:49:42.015481+00:00
https://results.voteidaho.gov/results/public/caribou-county-id/elections/may2026,,observed_target,fetched,application_shell,,,2026-10-09T21:49:42.927500+00:00
https://results.voteidaho.gov/results/public/caribou-county-id/elections/nov2025,,observed_target,fetched,application_shell,,,2026-10-09T21:49:44.008229+00:00
https://results.voteidaho.gov/results/public/cassia-county-id/elections/may2026,,observed_target,fetched,application_shell,,,2026-10-09T21:49:45.117498+00:00
https://results.voteidaho.gov/results/public/cassia-county-id/elections/nov2025,,observed_target,fetched,application_shell,,,2026-10-09T21:49:46.010821+00:00
https://results.voteidaho.gov/results/public/clark-county-id/elections/may2026,,observed_target,fetched,application_shell,,,2026-10-09T21:49:47.022060+00:00
https://results.voteidaho.gov/results/public/clark-county-id/elections/nov2025,,observed_target,fetched,application_shell,,,2026-10-09T21:49:48.010315+00:00
https://results.voteidaho.gov/results/public/clearwater-county-id/elections/may2026,,observed_target,fetched,application_shell,,,2026-10-09T21:49:49.051781+00:00
https://results.voteidaho.gov/results/public/clearwater-county-id/elections/nov2025,,observed_target,fetched,application_shell,,,2026-10-09T21:49:50.077549+00:00
https://results.voteidaho.gov/results/public/custer-county-id/elections/may2026,,observed_target,fetched,application_shell,,,2026-10-09T21:49:51.047630+00:00
https://results.voteidaho.gov/results/public/custer-county-id/elections/nov2025,,observed_target,fetched,application_shell,,,2026-10-09T21:49:52.067227+00:00
https://results.voteidaho.gov/results/public/elmore-county-id/elections/may2026,,observed_target,fetched,application_shell,,,2026-10-09T21:49:53.245727+00:00
https://results.voteidaho.gov/results/public/elmore-county-id/elections/nov2025,,observed_target,fetched,application_shell,,,2026-10-09T21:49:54.057363+00:00
https://results.voteidaho.gov/results/public/franklin-county-id/elections/may2026,,observed_target,fetched,application_shell,,,2026-10-09T21:49:55.016198+00:00
https://results.voteidaho.gov/results/public/franklin-county-id/elections/nov2025,,observed_target,fetched,application_shell,,,2026-10-09T21:49:56.070512+00:00
https://results.voteidaho.gov/results/public/fremont-county-id/elections/may2026,,observed_target,fetched,application_shell,,,2026-10-09T21:49:57.068481+00:00
https://results.voteidaho.gov/results/public/fremont-county-id/elections/nov2025,,observed_target,fetched,application_shell,,,2026-10-09T21:49:57.967807+00:00
https://results.voteidaho.gov/results/public/gem-county-id/elections/may2026,,observed_target,fetched,application_shell,,,2026-10-09T21:49:59.055802+00:00
https://results.voteidaho.gov/results/public/gem-county-id/elections/nov2025,,observed_target,fetched,application_shell,,,2026-10-09T21:50:00.071286+00:00
https://results.voteidaho.gov/results/public/gooding-county-id/elections/may2026,,observed_target,fetched,application_shell,,,2026-10-09T21:50:01.077193+00:00
https://results.voteidaho.gov/results/public/gooding-county-id/elections/nov2025,,observed_target,fetched,application_shell,,,2026-10-09T21:50:02.091680+00:00
https://scvotes.gov/elections-statistics/election-results/,SC,statewide_results_lead,fetch_failed,,403,HTTPStatusError,
https://sos.ks.gov/elections/election-results.html,KS,statewide_results_lead,fetch_failed,,403,HTTPStatusError,
https://sos.tn.gov/elections/results,TN,statewide_results_lead,fetch_failed,,403,HTTPStatusError,
https://voterportal.sos.la.gov/graphical,LA,statewide_results_lead,fetched,application_shell,,,2026-10-09T21:46:53.495074+00:00
https://www.berwickmaine.org/town-clerk/pages/elections-voting,ME,local_election_authority,fetch_failed,,403,HTTPStatusError,
https://www.bethelmaine.org/town-clerk/pages/elections-voting,ME,local_election_authority,fetch_failed,,404,HTTPStatusError,
https://www.blainemaine.org/town-clerk/pages/elections,ME,local_election_authority,fetch_failed,,,ConnectError,
https://www.bluehillme.gov/town-clerk/pages/elections,ME,local_election_authority,fetch_failed,,404,HTTPStatusError,
https://www.boe.ohio.gov/hardin/,OH,election_night_lead,fetch_failed,,403,HTTPStatusError,
https://www.boe.ohio.gov/harrison/,OH,election_night_lead,fetch_failed,,403,HTTPStatusError,
https://www.boe.ohio.gov/henry/,OH,election_night_lead,fetch_failed,,403,HTTPStatusError,
https://www.boe.ohio.gov/highland/,OH,election_night_lead,fetch_failed,,403,HTTPStatusError,
https://www.boe.ohio.gov/hocking/,OH,election_night_lead,fetch_failed,,403,HTTPStatusError,
https://www.boe.ohio.gov/holmes/,OH,election_night_lead,fetch_failed,,403,HTTPStatusError,
https://www.boe.ohio.gov/huron/,OH,historical_or_final_results,fetch_failed,,403,HTTPStatusError,
https://www.boe.ohio.gov/jackson/,OH,election_night_lead,fetch_failed,,403,HTTPStatusError,
https://www.boe.ohio.gov/jefferson/,OH,election_night_lead,fetch_failed,,403,HTTPStatusError,
https://www.boe.ohio.gov/knox/,OH,election_night_lead,fetch_failed,,403,HTTPStatusError,
https://www.boe.ohio.gov/lawrence/,OH,election_night_lead,fetch_failed,,403,HTTPStatusError,
https://www.boe.ohio.gov/licking/,OH,election_night_lead,fetch_failed,,403,HTTPStatusError,
https://www.boe.ohio.gov/logan/,OH,election_night_lead,fetch_failed,,403,HTTPStatusError,
https://www.boe.ohio.gov/madison/,OH,historical_or_final_results,fetch_failed,,403,HTTPStatusError,
https://www.boe.ohio.gov/marion/,OH,election_night_lead,fetch_failed,,403,HTTPStatusError,
https://www.boe.ohio.gov/medina/,OH,historical_or_final_results,fetch_failed,,403,HTTPStatusError,
https://www.boe.ohio.gov/meigs/,OH,election_night_lead,fetch_failed,,403,HTTPStatusError,
https://www.boe.ohio.gov/mercer/,OH,election_night_lead,fetch_failed,,403,HTTPStatusError,
https://www.boe.ohio.gov/miami/,OH,historical_or_final_results,fetch_failed,,403,HTTPStatusError,
https://www.boe.ohio.gov/monroe/,OH,election_night_lead,fetch_failed,,403,HTTPStatusError,
https://www.boe.ohio.gov/morgan/,OH,election_night_lead,fetch_failed,,403,HTTPStatusError,
https://www.boe.ohio.gov/morrow/,OH,election_night_lead,fetch_failed,,403,HTTPStatusError,
https://www.boe.ohio.gov/muskingum/,OH,historical_or_final_results,fetch_failed,,403,HTTPStatusError,
https://www.boe.ohio.gov/noble/,OH,election_night_lead,fetch_failed,,403,HTTPStatusError,
https://www.boe.ohio.gov/ottawa/,OH,election_night_lead,fetch_failed,,403,HTTPStatusError,
https://www.boe.ohio.gov/paulding/,OH,election_night_lead,fetch_failed,,403,HTTPStatusError,
https://www.boe.ohio.gov/perry/,OH,election_night_lead,fetch_failed,,403,HTTPStatusError,
https://www.boe.ohio.gov/pickaway/,OH,election_night_lead,fetch_failed,,403,HTTPStatusError,
https://www.boe.ohio.gov/pike/,OH,election_night_lead,fetch_failed,,403,HTTPStatusError,
https://www.boe.ohio.gov/preble/,OH,election_night_lead,fetch_failed,,403,HTTPStatusError,
https://www.boe.ohio.gov/putnam/,OH,election_night_lead,fetch_failed,,403,HTTPStatusError,
https://www.boe.ohio.gov/richland/,OH,election_night_lead,fetch_failed,,403,HTTPStatusError,
https://www.boe.ohio.gov/ross/,OH,election_night_lead,fetch_failed,,403,HTTPStatusError,
https://www.boe.ohio.gov/sandusky/,OH,election_night_lead,fetch_failed,,403,HTTPStatusError,
https://www.boe.ohio.gov/scioto/,OH,election_night_lead,fetch_failed,,403,HTTPStatusError,
https://www.boe.ohio.gov/seneca/,OH,election_night_lead,fetch_failed,,403,HTTPStatusError,
https://www.boe.ohio.gov/shelby/,OH,election_night_lead,fetch_failed,,403,HTTPStatusError,
https://www.boe.ohio.gov/summit/,OH,election_night_lead,fetch_failed,,403,HTTPStatusError,
https://www.boe.ohio.gov/tuscarawas/,OH,election_night_lead,fetch_failed,,403,HTTPStatusError,
https://www.boe.ohio.gov/union/,OH,election_night_lead,fetch_failed,,403,HTTPStatusError,
https://www.boe.ohio.gov/van-wert/,OH,election_night_lead,fetch_failed,,403,HTTPStatusError,
https://www.boe.ohio.gov/vinton/,OH,election_night_lead,fetch_failed,,403,HTTPStatusError,
https://www.boe.ohio.gov/washington/,OH,election_night_lead,fetch_failed,,403,HTTPStatusError,
https://www.boe.ohio.gov/wayne/,OH,election_night_lead,fetch_failed,,403,HTTPStatusError,
https://www.boe.ohio.gov/williams/,OH,election_night_lead,fetch_failed,,403,HTTPStatusError,
https://www.boe.ohio.gov/wyandot/,OH,election_night_lead,fetch_failed,,403,HTTPStatusError,
https://www.boothbayharbor.org/town-clerk/pages/elections,ME,local_election_authority,fetch_failed,,404,HTTPStatusError,
https://www.boothbaymaine.org/town-clerk/pages/elections,ME,local_election_authority,fetch_failed,,,ConnectError,
https://www.bowdoinhammaine.org/town-clerk/pages/elections,ME,local_election_authority,fetch_failed,,,ConnectError,
https://www.bowdoinmaine.org/town-clerk/pages/elections,ME,local_election_authority,fetch_failed,,,ConnectError,
https://www.bowerbankmaine.org/town-clerk/pages/elections,ME,local_election_authority,fetch_failed,,,ConnectError,
https://www.bremenmaine.org/town-clerk/pages/elections,ME,local_election_authority,fetch_failed,,404,HTTPStatusError,
https://www.bridgewatermaine.org/town-clerk/pages/elections,ME,local_election_authority,fetch_failed,,,ConnectError,
https://www.bridgtonmaine.org/town-clerk/pages/elections,ME,local_election_authority,fetch_failed,,404,HTTPStatusError,
https://www.bristolmaine.org/town-clerk/pages/elections,ME,local_election_authority,fetch_failed,,404,HTTPStatusError,
https://www.brooklinmaine.org/town-clerk/pages/elections,ME,local_election_authority,fetch_failed,,,ConnectTimeout,
https://www.brooksmaine.org/town-clerk/pages/elections,ME,local_election_authority,fetch_failed,,,ConnectError,
https://www.brooksvillemaine.org/town-clerk/pages/elections,ME,local_election_authority,fetch_failed,,404,HTTPStatusError,
https://www.brownfieldmaine.org/town-clerk/pages/elections,ME,local_election_authority,fetch_failed,,403,HTTPStatusError,
https://www.brownvillemaine.org/town-clerk/pages/elections,ME,local_election_authority,fetch_failed,,,ConnectError,
https://www.buckfieldmaine.org/town-clerk/pages/elections,ME,local_election_authority,fetch_failed,,,ConnectError,
https://www.bucksportmaine.gov/town-clerk/pages/elections-voting,ME,local_election_authority,fetch_failed,,403,HTTPStatusError,
https://www.burnhammaine.org/town-clerk/pages/elections,ME,local_election_authority,fetch_failed,,,ConnectError,
https://www.buxton.me.us/town-clerk/pages/elections,ME,local_election_authority,fetch_failed,,404,HTTPStatusError,
https://www.byronmaine.org/town-clerk/pages/elections,ME,local_election_authority,fetch_failed,,,ConnectError,
https://www.calaismaine.org/town-clerk/pages/elections,ME,local_election_authority,fetch_failed,,404,HTTPStatusError,
https://www.camdenmaine.gov/town-clerk/pages/elections,ME,local_election_authority,fetch_failed,,403,HTTPStatusError,
https://www.canaanmaine.org/town-clerk/pages/elections,ME,local_election_authority,fetch_failed,,,ConnectError,
https://www.cantonmaine.org/town-clerk/pages/elections,ME,local_election_authority,fetch_failed,,,ConnectError,
https://www.capeelizabeth.com/departments/TownClerk/elections.html,ME,local_election_authority,fetch_failed,,403,HTTPStatusError,
https://www.cariboumaine.org/government/departments/city-clerk/elections/,ME,local_election_authority,fetch_failed,,404,HTTPStatusError,
https://www.carthagemaine.org/town-clerk/pages/elections,ME,local_election_authority,fetch_failed,,404,HTTPStatusError,
https://www.cascomaine.org/town-clerk/pages/elections-voting,ME,local_election_authority,fetch_failed,,404,HTTPStatusError,
https://www.castine.me.us/town-clerk/pages/elections,ME,local_election_authority,fetch_failed,,403,HTTPStatusError,
https://www.chebeague-islandmaine.org/town-clerk/pages/elections,ME,local_election_authority,fetch_failed,,,ConnectError,
https://www.chelseamaine.org/town-clerk/pages/elections,ME,local_election_authority,fetch_failed,,404,HTTPStatusError,
https://www.cherryfieldmaine.org/town-clerk/pages/elections,ME,local_election_authority,fetch_failed,,,ConnectError,
https://www.chestervillemaine.org/town-clerk/pages/elections,ME,local_election_authority,fetch_failed,,,ConnectError,
https://www.cityofbathmaine.gov/250/Elections-Voting,ME,local_election_authority,fetch_failed,,403,HTTPStatusError,
https://www.cliftonmaine.org/town-clerk/pages/elections,ME,local_election_authority,fetch_failed,,,ConnectError,
https://www.co.marquette.mi.us/,MI,historical_or_final_results,fetch_failed,,403,HTTPStatusError,
https://www.co.midland.mi.us/CountyClerk/Elections.aspx,MI,historical_or_final_results,fetch_failed,,404,HTTPStatusError,
https://www.co.monroe.mi.us/officials_and_departments/officials/county_clerk/elections.php,MI,historical_or_final_results,fetch_failed,,404,HTTPStatusError,
https://www.columbia-fallsmaine.org/town-clerk/pages/elections,ME,local_election_authority,fetch_failed,,,ConnectError,
https://www.columbiamaine.org/town-clerk/pages/elections,ME,local_election_authority,fetch_failed,,,ConnectError,
https://www.cornishmaine.org/town-clerk/pages/elections,ME,local_election_authority,fetch_failed,,,ConnectError,
https://www.countyofbranch.com/departments/county-clerk/elections/election-results/,MI,election_night_lead,fetch_failed,,403,HTTPStatusError,
https://www.cranberry-islesmaine.org/town-clerk/pages/elections,ME,local_election_authority,fetch_failed,,,ConnectError,
https://www.cumberlandmaine.com/town-clerk/pages/elections-voting,ME,local_election_authority,fetch_failed,,404,HTTPStatusError,
https://www.cushingmaine.org/town-clerk/pages/elections,ME,local_election_authority,fetch_failed,,,ConnectError,
https://www.cutlermaine.org/town-clerk/pages/elections,ME,local_election_authority,fetch_failed,,,ConnectError,
https://www.damariscottame.com/town-clerk/pages/elections,ME,local_election_authority,fetch_failed,,404,HTTPStatusError,
https://www.danforthmaine.org/town-clerk/pages/elections,ME,local_election_authority,fetch_failed,,404,HTTPStatusError,
https://www.dayton-me.gov/town-clerk/pages/elections,ME,local_election_authority,fetch_failed,,404,HTTPStatusError,
https://www.dedhamme.org/town-clerk/pages/elections,ME,local_election_authority,fetch_failed,,404,HTTPStatusError,
https://www.dickinsoncountymi.gov/,MI,historical_or_final_results,fetch_failed,,403,HTTPStatusError,
https://www.electionreturns.pa.gov/,PA,statewide_results_lead,fetched,application_shell,,,2026-10-09T21:47:03.729398+00:00
https://www.elections.alaska.gov/election-results/,AK,statewide_results_lead,fetch_failed,,,ConnectError,
https://www.emmetcounty.org/,MI,historical_or_final_results,fetch_failed,,403,HTTPStatusError,
https://www.geneseecountymi.gov/departments/county_clerk/elections/index.php,MI,election_night_lead,fetch_failed,,403,HTTPStatusError,
https://www.gogebic.gov/,MI,historical_or_final_results,fetch_failed,,403,HTTPStatusError,
https://www.greenecountyohio.gov/128/Board-of-Elections,OH,election_night_lead,fetch_failed,,403,HTTPStatusError,
https://www.houghtoncounty.net/,MI,historical_or_final_results,fetch_failed,,403,HTTPStatusError,
https://www.isabellacounty.org/departments/county-clerk/elections/,MI,election_night_lead,fetch_failed,,404,HTTPStatusError,
https://www.kalcounty.com/clerk/elections.php,MI,election_night_lead,fetch_failed,,404,HTTPStatusError,
https://www.kalkaskacounty.net/,MI,historical_or_final_results,fetch_failed,,403,HTTPStatusError,
https://www.lapeercountymi.gov/departments/county_clerk/elections.php,MI,historical_or_final_results,fetch_failed,,403,HTTPStatusError,
https://www.leelanau.gov/,MI,historical_or_final_results,fetch_failed,,403,HTTPStatusError,
https://www.lucascountyohiovotes.gov/,OH,election_night_lead,fetch_failed,,403,HTTPStatusError,
https://www.masoncounty.net/departments/clerk/elections/,MI,historical_or_final_results,fetch_failed,,404,HTTPStatusError,
https://www.mecostacounty.org/government/clerk/elections.php,MI,historical_or_final_results,fetch_failed,,403,HTTPStatusError,
https://www.menomineecounty.com/,MI,historical_or_final_results,fetch_failed,,403,HTTPStatusError,
https://www.miottawa.org/departments/county-clerk/elections/,MI,election_night_lead,fetch_failed,,403,HTTPStatusError,
https://www.missaukee.org/,MI,historical_or_final_results,fetch_failed,,403,HTTPStatusError,
https://www.montgomery.boe.ohio.gov/,OH,election_night_lead,fetch_failed,,403,HTTPStatusError,
https://www.ncsbe.gov/results-data/election-results,NC,statewide_results_lead,fetch_failed,,403,HTTPStatusError,
https://www.ohiosos.gov/elections/,OH,state_election_authority,fetch_failed,,403,HTTPStatusError,
https://www.osceola-county.org/residents/county_departments/county_clerk/elections.php,MI,historical_or_final_results,fetch_failed,,403,HTTPStatusError,
https://www.oscodacountymi.com/,MI,historical_or_final_results,fetch_failed,,403,HTTPStatusError,
https://www.ri.gov/election/results/,RI,statewide_results_lead,fetch_failed,,403,HTTPStatusError,
https://www.saginawcounty.com/departments/county-clerk/elections/,MI,historical_or_final_results,fetch_failed,,,ReadTimeout,
https://www.sanilaccounty.net/,MI,historical_or_final_results,fetch_failed,,403,HTTPStatusError,
https://www.shiawassee.net/County-Clerk/Elections/,MI,historical_or_final_results,fetch_failed,,404,HTTPStatusError,
https://www.sos.arkansas.gov/elections/research/election-results,AR,statewide_results_lead,fetch_failed,,403,HTTPStatusError,
https://www.sos.ms.gov/elections-voting/election-results,MS,statewide_results_lead,fetch_failed,,403,HTTPStatusError,
https://www.sos.nh.gov/2026-state-primary-election-results,NH,statewide_results_lead,fetch_failed,,403,HTTPStatusError,
https://app.enhancedvoting.com/results/public/berrien-county-MI/elections/AugustStatePrimary08062024,MI,observed_dashboard_link,fetched,application_shell,,,2026-10-09T21:57:26.289280+00:00
https://app.enhancedvoting.com/results/public/berrien-county-mi,MI,observed_dashboard_link,fetched,application_shell,,,2026-10-09T21:57:27.428363+00:00
https://app.enhancedvoting.com/results/public/berrien-county-mi/elections/2026Augustelection,MI,observed_dashboard_link,fetched,application_shell,,,2026-10-09T21:57:28.354313+00:00
https://app.enhancedvoting.com/results/public/berrien-county-mi/elections/AugustElection08052025_20250619134311,MI,observed_dashboard_link,fetched,application_shell,,,2026-10-09T21:57:29.458577+00:00
https://app.enhancedvoting.com/results/public/berrien-county-mi/elections/MaySpecialElection05052026,MI,observed_dashboard_link,fetched,application_shell,,,2026-10-09T21:57:30.463827+00:00
https://app.enhancedvoting.com/results/public/berrien-county-mi/elections/MaySpecialElection05062025,MI,observed_dashboard_link,fetched,application_shell,,,2026-10-09T21:57:31.464396+00:00
https://app.enhancedvoting.com/results/public/berrien-county-mi/elections/November11042025,MI,observed_dashboard_link,fetched,application_shell,,,2026-10-09T21:57:32.485269+00:00
https://app.enhancedvoting.com/results/public/berrien-county-mi/elections/NovemberGeneral11052024,MI,observed_dashboard_link,fetched,application_shell,,,2026-10-09T21:57:33.399592+00:00
https://app.enhancedvoting.com/results/public/kent-county-mi/elections/05052026,MI,observed_dashboard_link,fetched,application_shell,,,2026-10-09T21:57:34.439141+00:00
https://app.enhancedvoting.com/results/public/kent-county-mi/elections/08042026,MI,observed_dashboard_link,fetched,application_shell,,,2026-10-09T21:57:35.566030+00:00
https://app.enhancedvoting.com/results/public/newaygo-county-mi/elections/August2026PrimaryElection,MI,observed_dashboard_link,fetched,application_shell,,,2026-10-09T21:57:36.764099+00:00
https://enr.elections.virginia.gov/results/public/virginia,VA,observed_dashboard_link,fetched,application_shell,,,2026-10-09T21:57:26.583165+00:00
https://enr.elections.virginia.gov/results/public/virginia/2026-April-14-Special,VA,observed_dashboard_link,fetched,application_shell,,,2026-10-09T21:57:27.618659+00:00
https://enr.elections.virginia.gov/results/public/virginia/2026-April-21-Special,VA,observed_dashboard_link,fetched,application_shell,,,2026-10-09T21:57:28.642358+00:00
https://enr.elections.virginia.gov/results/public/virginia/2026-February-3-Special,VA,observed_dashboard_link,fetched,application_shell,,,2026-10-09T21:57:29.787210+00:00
https://enr.elections.virginia.gov/results/public/virginia/2026-January-13-Special,VA,observed_dashboard_link,fetched,application_shell,,,2026-10-09T21:57:30.694492+00:00
https://enr.elections.virginia.gov/results/public/virginia/2026-January-20-Special,VA,observed_dashboard_link,fetched,application_shell,,,2026-10-09T21:57:31.712412+00:00
https://enr.elections.virginia.gov/results/public/virginia/2026-January-6-Special,VA,observed_dashboard_link,fetched,application_shell,,,2026-10-09T21:57:32.680664+00:00
https://enr.elections.virginia.gov/results/public/virginia/2026-March-17-Special,VA,observed_dashboard_link,fetched,application_shell,,,2026-10-09T21:57:33.677931+00:00
https://enr.elections.virginia.gov/results/public/virginia/elections/2026-August-Democratic-Primary,VA,observed_dashboard_link,fetched,application_shell,,,2026-10-09T21:57:34.740858+00:00
https://enr.elections.virginia.gov/results/public/virginia/elections/2026-August-Republican-Primary,VA,observed_dashboard_link,fetched,application_shell,,,2026-10-09T21:57:35.902904+00:00
https://enr.elections.virginia.gov/results/public/virginia/elections/2026-February-10-Special,VA,observed_dashboard_link,fetched,application_shell,,,2026-10-09T21:57:37.061704+00:00
https://enr.elections.virginia.gov/results/public/virginia/elections/2026-March-10-Special,VA,observed_dashboard_link,fetched,application_shell,,,2026-10-09T21:57:38.060260+00:00
https://enr.elections.virginia.gov/results/public/virginia/elections/2026-March-3-Special,VA,observed_dashboard_link,fetched,application_shell,,,2026-10-09T21:57:39.250035+00:00
https://results.enr.clarityelections.com/MI/Cass/124696/web.345435/,MI,observed_dashboard_link,fetch_failed,,403,HTTPStatusError,
https://results.enr.clarityelections.com/MI/Cass/127065/web.345435/,MI,observed_dashboard_link,fetch_failed,,403,HTTPStatusError,
https://results.enr.clarityelections.com/MI/Eaton/100189/,MI,observed_dashboard_link,fetch_failed,,403,HTTPStatusError,
https://results.enr.clarityelections.com/MI/Eaton/104475/,MI,observed_dashboard_link,fetch_failed,,403,HTTPStatusError,
https://results.enr.clarityelections.com/MI/Eaton/106278/,MI,observed_dashboard_link,fetch_failed,,403,HTTPStatusError,
https://results.enr.clarityelections.com/MI/Eaton/109365/,MI,observed_dashboard_link,fetch_failed,,403,HTTPStatusError,
https://results.enr.clarityelections.com/MI/Eaton/111518/,MI,observed_dashboard_link,fetch_failed,,403,HTTPStatusError,
https://results.enr.clarityelections.com/MI/Eaton/112972/,MI,observed_dashboard_link,fetch_failed,,403,HTTPStatusError,
https://results.enr.clarityelections.com/MI/Eaton/115242/,MI,observed_dashboard_link,fetch_failed,,403,HTTPStatusError,
https://results.enr.clarityelections.com/MI/Eaton/116159/web.307039/,MI,observed_dashboard_link,fetch_failed,,403,HTTPStatusError,
https://results.enr.clarityelections.com/MI/Eaton/117762/,MI,observed_dashboard_link,fetch_failed,,403,HTTPStatusError,
https://results.enr.clarityelections.com/MI/Eaton/118317/,MI,observed_dashboard_link,fetch_failed,,403,HTTPStatusError,
https://results.enr.clarityelections.com/MI/Eaton/119034/web.317647/,MI,observed_dashboard_link,fetch_failed,,403,HTTPStatusError,
https://results.enr.clarityelections.com/MI/Eaton/120372/,MI,observed_dashboard_link,fetch_failed,,403,HTTPStatusError,
https://results.enr.clarityelections.com/MI/Eaton/122272/,MI,observed_dashboard_link,fetch_failed,,403,HTTPStatusError,
https://results.enr.clarityelections.com/MI/Eaton/122590/web.345435/,MI,observed_dashboard_link,fetch_failed,,403,HTTPStatusError,
https://results.enr.clarityelections.com/MI/Eaton/124075/web.345435/,MI,observed_dashboard_link,fetch_failed,,403,HTTPStatusError,
https://results.enr.clarityelections.com/MI/Eaton/125149/,MI,observed_dashboard_link,fetch_failed,,403,HTTPStatusError,
https://results.enr.clarityelections.com/MI/Eaton/126345/,MI,observed_dashboard_link,fetch_failed,,403,HTTPStatusError,
https://results.enr.clarityelections.com/MI/Eaton/126881/,MI,observed_dashboard_link,fetch_failed,,403,HTTPStatusError,
https://results.enr.clarityelections.com/MI/Oakland/126183/web.345435/,MI,observed_dashboard_link,fetch_failed,,403,HTTPStatusError,
https://results.enr.clarityelections.com/MI/Oakland/127074/web.345435/,MI,observed_dashboard_link,fetch_failed,,403,HTTPStatusError,
https://results.enr.clarityelections.com/WV/126209/web.345435/,WV,observed_dashboard_link,fetch_failed,,403,HTTPStatusError,
https://results.votewa.gov/results/public/washington/elections/20260210,WA,observed_dashboard_link,fetched,application_shell,,,2026-10-09T21:57:26.860102+00:00
https://results.votewa.gov/results/public/washington/elections/20260428,WA,observed_dashboard_link,fetched,application_shell,,,2026-10-09T21:57:27.720582+00:00
https://results.votewa.gov/results/public/washington/elections/20260804,WA,observed_dashboard_link,fetched,application_shell,,,2026-10-09T21:57:28.827368+00:00
