authority_id,jurisdiction_id,effective_from,effective_to,evidence_url,status
us:authority:mi:county-clerk:washtenaw-county-clerk,us:mi:county:washtenaw,,,https://www.washtenaw.org/304/Elections,verified
us:authority:mi:county-clerk:wayne-county-clerk,us:mi:county:wayne,,,https://www.waynecounty.com/elected/clerk/elections.aspx,verified
us:authority:mi:county-clerk:oakland-county-clerk,us:mi:county:oakland,,,https://www.oakgov.com/government/clerk-register-of-deeds/elections-voting,verified
us:authority:mi:county-clerk:macomb-county-clerk,us:mi:county:macomb,,,https://clerk.macombgov.org/Clerk-Elections,verified
us:authority:mi:county-clerk:ingham-county-clerk,us:mi:county:ingham,,,https://clerk.ingham.org/departments_and_officials/county_clerk/elections.php,verified
us:authority:mi:county-clerk:kent-county-clerk,us:mi:county:kent,,,https://www.accesskent.com/Departments/Elections/,verified
us:authority:mi:county-clerk:genesee-county-clerk,us:mi:county:genesee,,,https://www.geneseecountymi.gov/departments/county_clerk/elections/index.php,verified
us:authority:mi:county-clerk:ottawa-county-clerk,us:mi:county:ottawa,,,https://www.miottawa.org/departments/county-clerk/elections/,verified
us:authority:mi:county-clerk:kalamazoo-county-clerk,us:mi:county:kalamazoo,,,https://www.kalcounty.com/clerk/elections.php,verified
us:authority:mi:county-clerk:jackson-county-clerk,us:mi:county:jackson,,,https://www.mijackson.org/170/Elections,verified
us:authority:mi:county-clerk:allegan-county-clerk,us:mi:county:allegan,,,https://www.allegancounty.org/departments/county-clerk/elections,verified
us:authority:mi:county-clerk:barry-county-clerk,us:mi:county:barry,,,https://www.barrycounty.org/departments_and_officials/officials/county_clerk/elections.php,verified
us:authority:mi:county-clerk:bay-county-clerk,us:mi:county:bay,,,https://www.baycountymi.gov/Clerk/Elections/,verified
us:authority:mi:county-clerk:berrien-county-clerk,us:mi:county:berrien,,,https://www.berriencounty.org/169/Elections,verified
us:authority:mi:county-clerk:calhoun-county-clerk,us:mi:county:calhoun,,,https://www.calhouncountymi.gov/departments/clerk_and_register_of_deeds/elections.php,verified
us:authority:mi:county-clerk:clinton-county-clerk,us:mi:county:clinton,,,https://www.clinton-county.org/228/Elections,verified
us:authority:mi:county-clerk:eaton-county-clerk,us:mi:county:eaton,,,https://www.eatoncounty.org/241/Elections,verified
us:authority:mi:county-clerk:grand-traverse-county-clerk,us:mi:county:grand-traverse,,,https://www.gtcountymi.gov/2219/Elections,verified
us:authority:mi:county-clerk:livingston-county-clerk,us:mi:county:livingston,,,https://milivcounty.gov/clerk/elections/,verified
us:authority:mi:county-clerk:monroe-county-clerk,us:mi:county:monroe,,,https://www.co.monroe.mi.us/officials_and_departments/officials/county_clerk/elections.php,verified
us:authority:mi:county-clerk:muskegon-county-clerk,us:mi:county:muskegon,,,https://co.muskegon.mi.us/419/Elections,verified
us:authority:mi:county-clerk:saginaw-county-clerk,us:mi:county:saginaw,,,https://www.saginawcounty.com/departments/county-clerk/elections/,verified
us:authority:mi:county-clerk:st-clair-county-clerk,us:mi:county:st-clair,,,https://www.stclaircounty.org/offices/109,verified
us:authority:mi:county-clerk:lapeer-county-clerk,us:mi:county:lapeer,,,https://www.lapeercountymi.gov/departments/county_clerk/elections.php,verified
us:authority:mi:county-clerk:shiawassee-county-clerk,us:mi:county:shiawassee,,,https://www.shiawassee.net/County-Clerk/Elections/,verified
us:authority:mi:county-clerk:midland-county-clerk,us:mi:county:midland,,,https://www.co.midland.mi.us/CountyClerk/Elections.aspx,verified
us:authority:mi:county-clerk:isabella-county-clerk,us:mi:county:isabella,,,https://www.isabellacounty.org/departments/county-clerk/elections/,verified
us:authority:mi:county-clerk:gratiot-county-clerk,us:mi:county:gratiot,,,https://www.gratiotmi.com/239/Elections,verified
us:authority:mi:county-clerk:ionia-county-clerk,us:mi:county:ionia,,,https://ioniacounty.org/departments-officials/county-clerk/elections/,verified
us:authority:mi:county-clerk:montcalm-county-clerk,us:mi:county:montcalm,,,https://www.montcalm.us/643/Elections,verified
us:authority:mi:county-clerk:newaygo-county-clerk,us:mi:county:newaygo,,,https://www.newaygocountymi.gov/departments/county-clerk/elections/,verified
us:authority:mi:county-clerk:mecosta-county-clerk,us:mi:county:mecosta,,,https://www.mecostacounty.org/government/clerk/elections.php,verified
us:authority:mi:county-clerk:oceana-county-clerk,us:mi:county:oceana,,,https://oceana.mi.us/government/departments/county-clerk/elections/,verified
us:authority:mi:county-clerk:mason-county-clerk,us:mi:county:mason,,,https://www.masoncounty.net/departments/clerk/elections/,verified
us:authority:mi:county-clerk:manistee-county-clerk,us:mi:county:manistee,,,https://www.manisteecountymi.gov/194/Elections,verified
us:authority:mi:county-clerk:wexford-county-clerk,us:mi:county:wexford,,,https://www.wexfordcounty.org/government/county-clerk/elections/,verified
us:authority:mi:county-clerk:osceola-county-clerk,us:mi:county:osceola,,,https://www.osceola-county.org/residents/county_departments/county_clerk/elections.php,verified
us:authority:mi:county-clerk:clare-county-clerk,us:mi:county:clare,,,https://clareco.net/elections/,verified
us:authority:mi:county-clerk:gladwin-county-clerk,us:mi:county:gladwin,,,https://gladwincounty-mi.gov/departments/county-clerk/elections/,verified
us:authority:mi:county-clerk:arenac-county-clerk,us:mi:county:arenac,,,https://www.arenaccountymi.gov/Clerk/Elections/,verified
us:authority:mi:county-clerk:alcona-county-clerk,us:mi:county:alcona,,,https://alconacountymi.com/home/county-clerk/election-results/,verified
us:authority:mi:county-clerk:alger-county-clerk,us:mi:county:alger,,,https://www.algercounty.gov/,verified
us:authority:mi:county-clerk:alpena-county-clerk,us:mi:county:alpena,,,https://www.alpenacounty.org/173/Election-Results,verified
us:authority:mi:county-clerk:antrim-county-clerk,us:mi:county:antrim,,,https://www.antrimcounty.org/,verified
us:authority:mi:county-clerk:baraga-county-clerk,us:mi:county:baraga,,,https://keweenawbay.org/government/departments/elections/,verified
us:authority:mi:county-clerk:benzie-county-clerk,us:mi:county:benzie,,,https://www.benzieco.gov/,verified
us:authority:mi:county-clerk:branch-county-clerk,us:mi:county:branch,,,https://www.countyofbranch.com/departments/county-clerk/elections/election-results/,verified
us:authority:mi:county-clerk:cass-county-clerk,us:mi:county:cass,,,https://www.casscountymi.org/,verified
us:authority:mi:county-clerk:charlevoix-county-clerk,us:mi:county:charlevoix,,,https://www.charlevoixcounty.org/,verified
us:authority:mi:county-clerk:cheboygan-county-clerk,us:mi:county:cheboygan,,,https://www.cheboygancounty.net/,verified
us:authority:mi:county-clerk:chippewa-county-clerk,us:mi:county:chippewa,,,https://www.chippewacountymi.gov/,verified
us:authority:mi:county-clerk:crawford-county-clerk,us:mi:county:crawford,,,https://www.crawfordco.org/,verified
us:authority:mi:county-clerk:delta-county-clerk,us:mi:county:delta,,,https://deltacountymi.gov/,verified
us:authority:mi:county-clerk:dickinson-county-clerk,us:mi:county:dickinson,,,https://www.dickinsoncountymi.gov/,verified
us:authority:mi:county-clerk:emmet-county-clerk,us:mi:county:emmet,,,https://www.emmetcounty.org/,verified
us:authority:mi:county-clerk:gogebic-county-clerk,us:mi:county:gogebic,,,https://www.gogebic.gov/,verified
us:authority:mi:county-clerk:hillsdale-county-clerk,us:mi:county:hillsdale,,,https://www.hillsdalecounty.gov/,verified
us:authority:mi:county-clerk:houghton-county-clerk,us:mi:county:houghton,,,https://www.houghtoncounty.net/,verified
us:authority:mi:county-clerk:huron-county-clerk,us:mi:county:huron,,,https://www.co.huron.mi.us/,verified
us:authority:mi:county-clerk:iosco-county-clerk,us:mi:county:iosco,,,https://iosco.net/,verified
us:authority:mi:county-clerk:iron-county-clerk,us:mi:county:iron,,,https://ironmi.com/,verified
us:authority:mi:county-clerk:kalkaska-county-clerk,us:mi:county:kalkaska,,,https://www.kalkaskacounty.net/,verified
us:authority:mi:county-clerk:keweenaw-county-clerk,us:mi:county:keweenaw,,,https://keweenawcountyonline.org/,verified
us:authority:mi:county-clerk:lake-county-clerk,us:mi:county:lake,,,https://app.enhancedvoting.com/,verified
us:authority:mi:county-clerk:leelanau-county-clerk,us:mi:county:leelanau,,,https://www.leelanau.gov/,verified
us:authority:mi:county-clerk:lenawee-county-clerk,us:mi:county:lenawee,,,https://www.electionlenawee.com/,verified
us:authority:mi:county-clerk:luce-county-clerk,us:mi:county:luce,,,https://www.lucecountymi.com/,verified
us:authority:mi:county-clerk:mackinac-county-clerk,us:mi:county:mackinac,,,https://www.mackinaccounty.net/,verified
us:authority:mi:county-clerk:marquette-county-clerk,us:mi:county:marquette,,,https://www.co.marquette.mi.us/,verified
us:authority:mi:county-clerk:menominee-county-clerk,us:mi:county:menominee,,,https://www.menomineecounty.com/,verified
us:authority:mi:county-clerk:missaukee-county-clerk,us:mi:county:missaukee,,,https://www.missaukee.org/,verified
us:authority:mi:county-clerk:montmorency-county-clerk,us:mi:county:montmorency,,,https://www.montcounty.org/,verified
us:authority:mi:county-clerk:ogemaw-county-clerk,us:mi:county:ogemaw,,,https://www.ocmi.us/,verified
us:authority:mi:county-clerk:ontonagon-county-clerk,us:mi:county:ontonagon,,,https://www.ontonagoncounty.org/,verified
us:authority:mi:county-clerk:oscoda-county-clerk,us:mi:county:oscoda,,,https://www.oscodacountymi.com/,verified
us:authority:mi:county-clerk:otsego-county-clerk,us:mi:county:otsego,,,https://www.otsegocountymi.gov/,verified
us:authority:mi:county-clerk:presque-isle-county-clerk,us:mi:county:presque-isle,,,https://presqueislecounty.org/,verified
us:authority:mi:county-clerk:roscommon-county-clerk,us:mi:county:roscommon,,,https://www.roscommoncounty.net/,verified
us:authority:mi:county-clerk:sanilac-county-clerk,us:mi:county:sanilac,,,https://www.sanilaccounty.net/,verified
us:authority:mi:county-clerk:schoolcraft-county-clerk,us:mi:county:schoolcraft,,,https://www.schoolcraftcounty.net/,verified
us:authority:mi:county-clerk:st-joseph-county-clerk,us:mi:county:st-joseph,,,https://www.stjosephcountymi.org/,verified
us:authority:mi:county-clerk:tuscola-county-clerk,us:mi:county:tuscola,,,https://www.tuscolacounty.org/,verified
us:authority:mi:county-clerk:van-buren-county-clerk,us:mi:county:van-buren,,,https://www.vanburencountymi.gov/,verified
us:authority:oh:board-of-elections:cuyahoga-county-board-of-elections,us:oh:county:cuyahoga,,,https://boe.cuyahogacounty.gov/,verified
us:authority:oh:board-of-elections:franklin-county-board-of-elections,us:oh:county:franklin,,,https://vote.franklincountyohio.gov/,verified
us:authority:oh:board-of-elections:hamilton-county-board-of-elections,us:oh:county:hamilton,,,https://votehamiltoncountyohio.gov/,verified
us:authority:oh:board-of-elections:summit-county-board-of-elections,us:oh:county:summit,,,https://www.boe.ohio.gov/summit/,verified
us:authority:oh:board-of-elections:montgomery-county-board-of-elections,us:oh:county:montgomery,,,https://www.montgomery.boe.ohio.gov/,verified
us:authority:oh:board-of-elections:lucas-county-board-of-elections,us:oh:county:lucas,,,https://www.lucascountyohiovotes.gov/,verified
us:authority:oh:board-of-elections:stark-county-board-of-elections,us:oh:county:stark,,,https://www.starkcountyohio.gov/government/offices/board_of_elections/,verified
us:authority:oh:board-of-elections:butler-county-board-of-elections,us:oh:county:butler,,,https://elections.bcohio.gov/,verified
us:authority:oh:board-of-elections:lorain-county-board-of-elections,us:oh:county:lorain,,,https://www.voteloraincountyohio.gov/,verified
us:authority:oh:board-of-elections:mahoning-county-board-of-elections,us:oh:county:mahoning,,,https://vote.mahoningcountyoh.gov/,verified
us:authority:oh:board-of-elections:lake-county-board-of-elections,us:oh:county:lake,,,https://www.lakecountyohio.gov/boe/,verified
us:authority:oh:board-of-elections:trumbull-county-board-of-elections,us:oh:county:trumbull,,,https://boe.co.trumbull.oh.us/,verified
us:authority:oh:board-of-elections:clermont-county-board-of-elections,us:oh:county:clermont,,,https://boe.clermontcountyohio.gov/,verified
us:authority:oh:board-of-elections:warren-county-board-of-elections,us:oh:county:warren,,,https://vote.warrencountyohio.gov/,verified
us:authority:oh:board-of-elections:delaware-county-board-of-elections,us:oh:county:delaware,,,https://vote.delawarecountyohio.gov/,verified
us:authority:oh:board-of-elections:licking-county-board-of-elections,us:oh:county:licking,,,https://www.boe.ohio.gov/licking/,verified
us:authority:oh:board-of-elections:greene-county-board-of-elections,us:oh:county:greene,,,https://www.greenecountyohio.gov/128/Board-of-Elections,verified
us:authority:oh:board-of-elections:athens-county-board-of-elections,us:oh:county:athens,,,https://www.boe.ohio.gov/athens/,verified
us:authority:oh:board-of-elections:wood-county-board-of-elections,us:oh:county:wood,,,https://www.woodcountyohio.gov/boe/,verified
us:authority:oh:board-of-elections:portage-county-board-of-elections,us:oh:county:portage,,,https://www.portagecounty-oh.gov/board-elections,verified
us:authority:oh:board-of-elections:allen-county-board-of-elections,us:oh:county:allen,,,https://www.boe.ohio.gov/allen/,verified
us:authority:oh:board-of-elections:ashland-county-board-of-elections,us:oh:county:ashland,,,https://www.boe.ohio.gov/ashland/,verified
us:authority:oh:board-of-elections:ashtabula-county-board-of-elections,us:oh:county:ashtabula,,,https://www.boe.ohio.gov/ashtabula/,verified
us:authority:oh:board-of-elections:belmont-county-board-of-elections,us:oh:county:belmont,,,https://www.boe.ohio.gov/belmont/,verified
us:authority:oh:board-of-elections:clark-county-board-of-elections,us:oh:county:clark,,,https://www.boe.ohio.gov/clark/,verified
us:authority:oh:board-of-elections:columbiana-county-board-of-elections,us:oh:county:columbiana,,,https://www.boe.ohio.gov/columbiana/,verified
us:authority:oh:board-of-elections:coshocton-county-board-of-elections,us:oh:county:coshocton,,,https://www.boe.ohio.gov/coshocton/,verified
us:authority:oh:board-of-elections:darke-county-board-of-elections,us:oh:county:darke,,,https://www.boe.ohio.gov/darke/,verified
us:authority:oh:board-of-elections:erie-county-board-of-elections,us:oh:county:erie,,,https://www.boe.ohio.gov/erie/,verified
us:authority:oh:board-of-elections:fairfield-county-board-of-elections,us:oh:county:fairfield,,,https://www.boe.ohio.gov/fairfield/,verified
us:authority:oh:board-of-elections:fayette-county-board-of-elections,us:oh:county:fayette,,,https://www.boe.ohio.gov/fayette/,verified
us:authority:oh:board-of-elections:geauga-county-board-of-elections,us:oh:county:geauga,,,https://www.boe.ohio.gov/geauga/,verified
us:authority:oh:board-of-elections:guernsey-county-board-of-elections,us:oh:county:guernsey,,,https://www.boe.ohio.gov/guernsey/,verified
us:authority:oh:board-of-elections:hancock-county-board-of-elections,us:oh:county:hancock,,,https://www.boe.ohio.gov/hancock/,verified
us:authority:oh:board-of-elections:huron-county-board-of-elections,us:oh:county:huron,,,https://www.boe.ohio.gov/huron/,verified
us:authority:oh:board-of-elections:knox-county-board-of-elections,us:oh:county:knox,,,https://www.boe.ohio.gov/knox/,verified
us:authority:oh:board-of-elections:madison-county-board-of-elections,us:oh:county:madison,,,https://www.boe.ohio.gov/madison/,verified
us:authority:oh:board-of-elections:medina-county-board-of-elections,us:oh:county:medina,,,https://www.boe.ohio.gov/medina/,verified
us:authority:oh:board-of-elections:miami-county-board-of-elections,us:oh:county:miami,,,https://www.boe.ohio.gov/miami/,verified
us:authority:oh:board-of-elections:muskingum-county-board-of-elections,us:oh:county:muskingum,,,https://www.boe.ohio.gov/muskingum/,verified
us:authority:oh:board-of-elections:adams-county-board-of-elections,us:oh:county:adams,,,https://www.boe.ohio.gov/adams/,verified
us:authority:oh:board-of-elections:auglaize-county-board-of-elections,us:oh:county:auglaize,,,https://www.boe.ohio.gov/auglaize/,verified
us:authority:oh:board-of-elections:brown-county-board-of-elections,us:oh:county:brown,,,https://www.boe.ohio.gov/brown/,verified
us:authority:oh:board-of-elections:carroll-county-board-of-elections,us:oh:county:carroll,,,https://www.boe.ohio.gov/carroll/,verified
us:authority:oh:board-of-elections:champaign-county-board-of-elections,us:oh:county:champaign,,,https://www.boe.ohio.gov/champaign/,verified
us:authority:oh:board-of-elections:clinton-county-board-of-elections,us:oh:county:clinton,,,https://www.boe.ohio.gov/clinton/,verified
us:authority:oh:board-of-elections:crawford-county-board-of-elections,us:oh:county:crawford,,,https://www.boe.ohio.gov/crawford/,verified
us:authority:oh:board-of-elections:defiance-county-board-of-elections,us:oh:county:defiance,,,https://www.boe.ohio.gov/defiance/,verified
us:authority:oh:board-of-elections:fulton-county-board-of-elections,us:oh:county:fulton,,,https://www.boe.ohio.gov/fulton/,verified
us:authority:oh:board-of-elections:gallia-county-board-of-elections,us:oh:county:gallia,,,https://www.boe.ohio.gov/gallia/,verified
us:authority:oh:board-of-elections:hardin-county-board-of-elections,us:oh:county:hardin,,,https://www.boe.ohio.gov/hardin/,verified
us:authority:oh:board-of-elections:harrison-county-board-of-elections,us:oh:county:harrison,,,https://www.boe.ohio.gov/harrison/,verified
us:authority:oh:board-of-elections:henry-county-board-of-elections,us:oh:county:henry,,,https://www.boe.ohio.gov/henry/,verified
us:authority:oh:board-of-elections:highland-county-board-of-elections,us:oh:county:highland,,,https://www.boe.ohio.gov/highland/,verified
us:authority:oh:board-of-elections:hocking-county-board-of-elections,us:oh:county:hocking,,,https://www.boe.ohio.gov/hocking/,verified
us:authority:oh:board-of-elections:holmes-county-board-of-elections,us:oh:county:holmes,,,https://www.boe.ohio.gov/holmes/,verified
us:authority:oh:board-of-elections:jackson-county-board-of-elections,us:oh:county:jackson,,,https://www.boe.ohio.gov/jackson/,verified
us:authority:oh:board-of-elections:jefferson-county-board-of-elections,us:oh:county:jefferson,,,https://www.boe.ohio.gov/jefferson/,verified
us:authority:oh:board-of-elections:lawrence-county-board-of-elections,us:oh:county:lawrence,,,https://www.boe.ohio.gov/lawrence/,verified
us:authority:oh:board-of-elections:logan-county-board-of-elections,us:oh:county:logan,,,https://www.boe.ohio.gov/logan/,verified
us:authority:oh:board-of-elections:marion-county-board-of-elections,us:oh:county:marion,,,https://www.boe.ohio.gov/marion/,verified
us:authority:oh:board-of-elections:meigs-county-board-of-elections,us:oh:county:meigs,,,https://www.boe.ohio.gov/meigs/,verified
us:authority:oh:board-of-elections:mercer-county-board-of-elections,us:oh:county:mercer,,,https://www.boe.ohio.gov/mercer/,verified
us:authority:oh:board-of-elections:monroe-county-board-of-elections,us:oh:county:monroe,,,https://www.boe.ohio.gov/monroe/,verified
us:authority:oh:board-of-elections:morgan-county-board-of-elections,us:oh:county:morgan,,,https://www.boe.ohio.gov/morgan/,verified
us:authority:oh:board-of-elections:morrow-county-board-of-elections,us:oh:county:morrow,,,https://www.boe.ohio.gov/morrow/,verified
us:authority:oh:board-of-elections:noble-county-board-of-elections,us:oh:county:noble,,,https://www.boe.ohio.gov/noble/,verified
us:authority:oh:board-of-elections:ottawa-county-board-of-elections,us:oh:county:ottawa,,,https://www.boe.ohio.gov/ottawa/,verified
us:authority:oh:board-of-elections:paulding-county-board-of-elections,us:oh:county:paulding,,,https://www.boe.ohio.gov/paulding/,verified
us:authority:oh:board-of-elections:perry-county-board-of-elections,us:oh:county:perry,,,https://www.boe.ohio.gov/perry/,verified
us:authority:oh:board-of-elections:pickaway-county-board-of-elections,us:oh:county:pickaway,,,https://www.boe.ohio.gov/pickaway/,verified
us:authority:oh:board-of-elections:pike-county-board-of-elections,us:oh:county:pike,,,https://www.boe.ohio.gov/pike/,verified
us:authority:oh:board-of-elections:preble-county-board-of-elections,us:oh:county:preble,,,https://www.boe.ohio.gov/preble/,verified
us:authority:oh:board-of-elections:putnam-county-board-of-elections,us:oh:county:putnam,,,https://www.boe.ohio.gov/putnam/,verified
us:authority:oh:board-of-elections:richland-county-board-of-elections,us:oh:county:richland,,,https://www.boe.ohio.gov/richland/,verified
us:authority:oh:board-of-elections:ross-county-board-of-elections,us:oh:county:ross,,,https://www.boe.ohio.gov/ross/,verified
us:authority:oh:board-of-elections:sandusky-county-board-of-elections,us:oh:county:sandusky,,,https://www.boe.ohio.gov/sandusky/,verified
us:authority:oh:board-of-elections:scioto-county-board-of-elections,us:oh:county:scioto,,,https://www.boe.ohio.gov/scioto/,verified
us:authority:oh:board-of-elections:seneca-county-board-of-elections,us:oh:county:seneca,,,https://www.boe.ohio.gov/seneca/,verified
us:authority:oh:board-of-elections:shelby-county-board-of-elections,us:oh:county:shelby,,,https://www.boe.ohio.gov/shelby/,verified
us:authority:oh:board-of-elections:tuscarawas-county-board-of-elections,us:oh:county:tuscarawas,,,https://www.boe.ohio.gov/tuscarawas/,verified
us:authority:oh:board-of-elections:union-county-board-of-elections,us:oh:county:union,,,https://www.boe.ohio.gov/union/,verified
us:authority:oh:board-of-elections:van-wert-county-board-of-elections,us:oh:county:van-wert,,,https://www.boe.ohio.gov/van-wert/,verified
us:authority:oh:board-of-elections:vinton-county-board-of-elections,us:oh:county:vinton,,,https://www.boe.ohio.gov/vinton/,verified
us:authority:oh:board-of-elections:washington-county-board-of-elections,us:oh:county:washington,,,https://www.boe.ohio.gov/washington/,verified
us:authority:oh:board-of-elections:wayne-county-board-of-elections,us:oh:county:wayne,,,https://www.boe.ohio.gov/wayne/,verified
us:authority:oh:board-of-elections:williams-county-board-of-elections,us:oh:county:williams,,,https://www.boe.ohio.gov/williams/,verified
us:authority:oh:board-of-elections:wyandot-county-board-of-elections,us:oh:county:wyandot,,,https://www.boe.ohio.gov/wyandot/,verified
us:authority:ct:town-clerk:bridgeport-town-clerk,us:ct:municipality:bridgeport,,,https://www.bridgeportct.gov/government/departments/town-clerk/elections,candidate
us:authority:ct:town-clerk:new-haven-town-clerk,us:ct:municipality:new-haven,,,https://www.newhavenct.gov/government/departments-divisions/city-town-clerk/elections,candidate
us:authority:ct:town-clerk:stamford-town-clerk,us:ct:municipality:stamford,,,https://www.stamfordct.gov/government/town-clerk/elections,candidate
us:authority:ct:town-clerk:hartford-town-clerk,us:ct:municipality:hartford,,,https://www.hartfordct.gov/Government/Departments/Town-and-City-Clerk/Elections,candidate
us:authority:ct:town-clerk:waterbury-town-clerk,us:ct:municipality:waterbury,,,https://www.waterburyct.org/services/town_clerk/elections,candidate
us:authority:ct:town-clerk:norwalk-town-clerk,us:ct:municipality:norwalk,,,https://www.norwalkct.gov/332/Elections-Voting,candidate
us:authority:ct:town-clerk:danbury-town-clerk,us:ct:municipality:danbury,,,https://www.danbury-ct.gov/191/Elections,candidate
us:authority:ct:town-clerk:new-britain-town-clerk,us:ct:municipality:new-britain,,,https://www.newbritainct.gov/services/town_clerk/elections.htm,candidate
us:authority:ct:town-clerk:meriden-town-clerk,us:ct:municipality:meriden,,,https://www.meridenct.gov/government/departments/city-clerk/elections/,candidate
us:authority:ct:town-clerk:bristol-town-clerk,us:ct:municipality:bristol,,,https://www.bristolct.gov/237/Elections,candidate
us:authority:ct:town-clerk:west-hartford-town-clerk,us:ct:municipality:west-hartford,,,https://www.westhartfordct.gov/town-departments/town-clerk/elections,candidate
us:authority:ct:town-clerk:greenwich-town-clerk,us:ct:municipality:greenwich,,,https://www.greenwichct.gov/1191/Elections,candidate
us:authority:ct:town-clerk:fairfield-town-clerk,us:ct:municipality:fairfield,,,https://www.fairfieldct.org/service/town_clerk/elections.php,candidate
us:authority:ct:town-clerk:hamden-town-clerk,us:ct:municipality:hamden,,,https://www.hamden.com/229/Elections,candidate
us:authority:ct:town-clerk:manchester-town-clerk,us:ct:municipality:manchester,,,https://www.manchesterct.gov/Government/Departments/Town-Clerk/Elections,candidate
us:authority:ct:town-clerk:east-hartford-town-clerk,us:ct:municipality:east-hartford,,,https://www.easthartfordct.gov/town-clerk/pages/elections-voting,candidate
us:authority:ct:town-clerk:milford-town-clerk,us:ct:municipality:milford,,,https://www.ci.milford.ct.us/city-clerk/pages/elections-voting,candidate
us:authority:ct:town-clerk:middletown-town-clerk,us:ct:municipality:middletown,,,https://www.middletownct.gov/239/Elections,candidate
us:authority:ct:town-clerk:enfield-town-clerk,us:ct:municipality:enfield,,,https://www.enfield-ct.gov/434/Elections,candidate
us:authority:ct:town-clerk:wallingford-town-clerk,us:ct:municipality:wallingford,,,https://www.wallingfordct.gov/government/town-clerk/elections/,candidate
us:authority:ct:town-clerk:groton-town-clerk,us:ct:municipality:groton,,,https://www.groton-ct.gov/departments/town_clerk/elections.php,candidate
us:authority:ct:town-clerk:new-london-town-clerk,us:ct:municipality:new-london,,,https://www.newlondonct.org/content/7429/7431/7443/default.aspx,candidate
us:authority:ct:town-clerk:norwich-town-clerk,us:ct:municipality:norwich,,,https://www.norwichct.org/179/Elections-Voting,candidate
us:authority:ct:town-clerk:torrington-town-clerk,us:ct:municipality:torrington,,,https://www.torringtonct.org/town-clerk/pages/elections-voting,candidate
us:authority:ct:town-clerk:windham-town-clerk,us:ct:municipality:windham,,,https://www.windhamct.com/town-clerk/pages/elections,candidate
us:authority:ct:town-clerk:putnam-town-clerk,us:ct:municipality:putnam,,,https://www.putnamct.us/government/town-clerk/elections,candidate
us:authority:ct:town-clerk:salisbury-town-clerk,us:ct:municipality:salisbury,,,https://www.salisburyct.us/town-clerk/elections,candidate
us:authority:ct:town-clerk:lyme-town-clerk,us:ct:municipality:lyme,,,https://www.townlyme.org/town-clerk/pages/elections,candidate
us:authority:ct:town-clerk:union-town-clerk,us:ct:municipality:union,,,https://www.unionconnecticut.org/town-clerk/pages/elections,candidate
us:authority:ct:town-clerk:canaan-town-clerk,us:ct:municipality:canaan,,,https://www.canaanfallsvillage.org/town-clerk/elections,candidate
us:authority:ct:town-clerk:andover-town-clerk,us:ct:municipality:andover,,,https://www.andoverct.gov/town-clerk/pages/elections,candidate
us:authority:ct:town-clerk:ansonia-town-clerk,us:ct:municipality:ansonia,,,https://www.ansoniact.gov/town-clerk/pages/elections,candidate
us:authority:ct:town-clerk:ashford-town-clerk,us:ct:municipality:ashford,,,https://www.ashfordct.gov/town-clerk/pages/elections,candidate
us:authority:ct:town-clerk:avon-town-clerk,us:ct:municipality:avon,,,https://www.avonct.gov/town-clerk/pages/elections,candidate
us:authority:ct:town-clerk:barkhamsted-town-clerk,us:ct:municipality:barkhamsted,,,https://www.barkhamstedct.gov/town-clerk/pages/elections,candidate
us:authority:ct:town-clerk:beacon-falls-town-clerk,us:ct:municipality:beacon-falls,,,https://www.beacon-fallsct.gov/town-clerk/pages/elections,candidate
us:authority:ct:town-clerk:berlin-town-clerk,us:ct:municipality:berlin,,,https://www.berlinct.gov/town-clerk/pages/elections,candidate
us:authority:ct:town-clerk:bethany-town-clerk,us:ct:municipality:bethany,,,https://www.bethanyct.gov/town-clerk/pages/elections,candidate
us:authority:ct:town-clerk:bethel-town-clerk,us:ct:municipality:bethel,,,https://www.bethelct.gov/town-clerk/pages/elections,candidate
us:authority:ct:town-clerk:bethlehem-town-clerk,us:ct:municipality:bethlehem,,,https://www.bethlehemct.gov/town-clerk/pages/elections,candidate
us:authority:ct:town-clerk:bloomfield-town-clerk,us:ct:municipality:bloomfield,,,https://www.bloomfieldct.gov/town-clerk/pages/elections,candidate
us:authority:ct:town-clerk:bolton-town-clerk,us:ct:municipality:bolton,,,https://www.boltonct.gov/town-clerk/pages/elections,candidate
us:authority:ct:town-clerk:bozrah-town-clerk,us:ct:municipality:bozrah,,,https://www.bozrahct.gov/town-clerk/pages/elections,candidate
us:authority:ct:town-clerk:branford-town-clerk,us:ct:municipality:branford,,,https://www.branfordct.gov/town-clerk/pages/elections,candidate
us:authority:ct:town-clerk:bridgewater-town-clerk,us:ct:municipality:bridgewater,,,https://www.bridgewaterct.gov/town-clerk/pages/elections,candidate
us:authority:ct:town-clerk:brookfield-town-clerk,us:ct:municipality:brookfield,,,https://www.brookfieldct.gov/town-clerk/pages/elections,candidate
us:authority:ct:town-clerk:brooklyn-town-clerk,us:ct:municipality:brooklyn,,,https://www.brooklynct.gov/town-clerk/pages/elections,candidate
us:authority:ct:town-clerk:burlington-town-clerk,us:ct:municipality:burlington,,,https://www.burlingtonct.gov/town-clerk/pages/elections,candidate
us:authority:ct:town-clerk:canterbury-town-clerk,us:ct:municipality:canterbury,,,https://www.canterburyct.gov/town-clerk/pages/elections,candidate
us:authority:ct:town-clerk:chaplin-town-clerk,us:ct:municipality:chaplin,,,https://www.chaplinct.gov/town-clerk/pages/elections,candidate
us:authority:ct:town-clerk:cheshire-town-clerk,us:ct:municipality:cheshire,,,https://www.cheshirect.gov/town-clerk/pages/elections,candidate
us:authority:ct:town-clerk:chester-town-clerk,us:ct:municipality:chester,,,https://www.chesterct.gov/town-clerk/pages/elections,candidate
us:authority:ct:town-clerk:clinton-town-clerk,us:ct:municipality:clinton,,,https://www.clintonct.gov/town-clerk/pages/elections,candidate
us:authority:ct:town-clerk:colchester-town-clerk,us:ct:municipality:colchester,,,https://www.colchesterct.gov/town-clerk/pages/elections,candidate
us:authority:ct:town-clerk:colebrook-town-clerk,us:ct:municipality:colebrook,,,https://www.colebrookct.gov/town-clerk/pages/elections,candidate
us:authority:ct:town-clerk:columbia-town-clerk,us:ct:municipality:columbia,,,https://www.columbiact.gov/town-clerk/pages/elections,candidate
us:authority:ct:town-clerk:cornwall-town-clerk,us:ct:municipality:cornwall,,,https://www.cornwallct.gov/town-clerk/pages/elections,candidate
us:authority:ct:town-clerk:coventry-town-clerk,us:ct:municipality:coventry,,,https://www.coventryct.gov/town-clerk/pages/elections,candidate
us:authority:ct:town-clerk:cromwell-town-clerk,us:ct:municipality:cromwell,,,https://www.cromwellct.gov/town-clerk/pages/elections,candidate
us:authority:ct:town-clerk:darien-town-clerk,us:ct:municipality:darien,,,https://www.darienct.gov/town-clerk/pages/elections,candidate
us:authority:ct:town-clerk:deep-river-town-clerk,us:ct:municipality:deep-river,,,https://www.deep-riverct.gov/town-clerk/pages/elections,candidate
us:authority:ct:town-clerk:derby-town-clerk,us:ct:municipality:derby,,,https://www.derbyct.gov/town-clerk/pages/elections,candidate
us:authority:ct:town-clerk:durham-town-clerk,us:ct:municipality:durham,,,https://www.durhamct.gov/town-clerk/pages/elections,candidate
us:authority:ct:town-clerk:east-granby-town-clerk,us:ct:municipality:east-granby,,,https://www.east-granbyct.gov/town-clerk/pages/elections,candidate
us:authority:ct:town-clerk:east-haddam-town-clerk,us:ct:municipality:east-haddam,,,https://www.east-haddamct.gov/town-clerk/pages/elections,candidate
us:authority:ct:town-clerk:east-hampton-town-clerk,us:ct:municipality:east-hampton,,,https://www.east-hamptonct.gov/town-clerk/pages/elections,candidate
us:authority:ct:town-clerk:east-haven-town-clerk,us:ct:municipality:east-haven,,,https://www.east-havenct.gov/town-clerk/pages/elections,candidate
us:authority:ct:town-clerk:east-lyme-town-clerk,us:ct:municipality:east-lyme,,,https://www.east-lymect.gov/town-clerk/pages/elections,candidate
us:authority:ct:town-clerk:east-windsor-town-clerk,us:ct:municipality:east-windsor,,,https://www.east-windsorct.gov/town-clerk/pages/elections,candidate
us:authority:ct:town-clerk:eastford-town-clerk,us:ct:municipality:eastford,,,https://www.eastfordct.gov/town-clerk/pages/elections,candidate
us:authority:ct:town-clerk:easton-town-clerk,us:ct:municipality:easton,,,https://www.eastonct.gov/town-clerk/pages/elections,candidate
us:authority:ct:town-clerk:ellington-town-clerk,us:ct:municipality:ellington,,,https://www.ellingtonct.gov/town-clerk/pages/elections,candidate
us:authority:ct:town-clerk:essex-town-clerk,us:ct:municipality:essex,,,https://www.essexct.gov/town-clerk/pages/elections,candidate
us:authority:ct:town-clerk:farmington-town-clerk,us:ct:municipality:farmington,,,https://www.farmingtonct.gov/town-clerk/pages/elections,candidate
us:authority:ct:town-clerk:franklin-town-clerk,us:ct:municipality:franklin,,,https://www.franklinct.gov/town-clerk/pages/elections,candidate
us:authority:ct:town-clerk:glastonbury-town-clerk,us:ct:municipality:glastonbury,,,https://www.glastonburyct.gov/town-clerk/pages/elections,candidate
us:authority:ct:town-clerk:goshen-town-clerk,us:ct:municipality:goshen,,,https://www.goshenct.gov/town-clerk/pages/elections,candidate
us:authority:ct:town-clerk:granby-town-clerk,us:ct:municipality:granby,,,https://www.granbyct.gov/town-clerk/pages/elections,candidate
us:authority:ct:town-clerk:griswold-town-clerk,us:ct:municipality:griswold,,,https://www.griswoldct.gov/town-clerk/pages/elections,candidate
us:authority:ct:town-clerk:guilford-town-clerk,us:ct:municipality:guilford,,,https://www.guilfordct.gov/town-clerk/pages/elections,candidate
us:authority:ct:town-clerk:haddam-town-clerk,us:ct:municipality:haddam,,,https://www.haddamct.gov/town-clerk/pages/elections,candidate
us:authority:ct:town-clerk:hampton-town-clerk,us:ct:municipality:hampton,,,https://www.hamptonct.gov/town-clerk/pages/elections,candidate
us:authority:ct:town-clerk:hartland-town-clerk,us:ct:municipality:hartland,,,https://www.hartlandct.gov/town-clerk/pages/elections,candidate
us:authority:ct:town-clerk:harwinton-town-clerk,us:ct:municipality:harwinton,,,https://www.harwintonct.gov/town-clerk/pages/elections,candidate
us:authority:ct:town-clerk:hebron-town-clerk,us:ct:municipality:hebron,,,https://www.hebronct.gov/town-clerk/pages/elections,candidate
us:authority:ct:town-clerk:kent-town-clerk,us:ct:municipality:kent,,,https://www.kentct.gov/town-clerk/pages/elections,candidate
us:authority:ct:town-clerk:killingly-town-clerk,us:ct:municipality:killingly,,,https://www.killinglyct.gov/town-clerk/pages/elections,candidate
us:authority:ct:town-clerk:killingworth-town-clerk,us:ct:municipality:killingworth,,,https://www.killingworthct.gov/town-clerk/pages/elections,candidate
us:authority:ct:town-clerk:lebanon-town-clerk,us:ct:municipality:lebanon,,,https://www.lebanonct.gov/town-clerk/pages/elections,candidate
us:authority:ct:town-clerk:ledyard-town-clerk,us:ct:municipality:ledyard,,,https://www.ledyardct.gov/town-clerk/pages/elections,candidate
us:authority:ct:town-clerk:lisbon-town-clerk,us:ct:municipality:lisbon,,,https://www.lisbonct.gov/town-clerk/pages/elections,candidate
us:authority:ct:town-clerk:litchfield-town-clerk,us:ct:municipality:litchfield,,,https://www.litchfieldct.gov/town-clerk/pages/elections,candidate
us:authority:ct:town-clerk:madison-town-clerk,us:ct:municipality:madison,,,https://www.madisonct.gov/town-clerk/pages/elections,candidate
us:authority:ct:town-clerk:mansfield-town-clerk,us:ct:municipality:mansfield,,,https://www.mansfieldct.gov/town-clerk/pages/elections,candidate
us:authority:ct:town-clerk:marlborough-town-clerk,us:ct:municipality:marlborough,,,https://www.marlboroughct.gov/town-clerk/pages/elections,candidate
us:authority:ct:town-clerk:middlebury-town-clerk,us:ct:municipality:middlebury,,,https://www.middleburyct.gov/town-clerk/pages/elections,candidate
us:authority:ct:town-clerk:middlefield-town-clerk,us:ct:municipality:middlefield,,,https://www.middlefieldct.gov/town-clerk/pages/elections,candidate
us:authority:ct:town-clerk:monroe-town-clerk,us:ct:municipality:monroe,,,https://www.monroect.gov/town-clerk/pages/elections,candidate
us:authority:ct:town-clerk:montville-town-clerk,us:ct:municipality:montville,,,https://www.montvillect.gov/town-clerk/pages/elections,candidate
us:authority:ct:town-clerk:morris-town-clerk,us:ct:municipality:morris,,,https://www.morrisct.gov/town-clerk/pages/elections,candidate
us:authority:ct:town-clerk:naugatuck-town-clerk,us:ct:municipality:naugatuck,,,https://www.naugatuckct.gov/town-clerk/pages/elections,candidate
us:authority:ct:town-clerk:new-canaan-town-clerk,us:ct:municipality:new-canaan,,,https://www.new-canaanct.gov/town-clerk/pages/elections,candidate
us:authority:ct:town-clerk:new-fairfield-town-clerk,us:ct:municipality:new-fairfield,,,https://www.new-fairfieldct.gov/town-clerk/pages/elections,candidate
us:authority:ct:town-clerk:new-hartford-town-clerk,us:ct:municipality:new-hartford,,,https://www.new-hartfordct.gov/town-clerk/pages/elections,candidate
us:authority:ct:town-clerk:new-milford-town-clerk,us:ct:municipality:new-milford,,,https://www.new-milfordct.gov/town-clerk/pages/elections,candidate
us:authority:ct:town-clerk:newington-town-clerk,us:ct:municipality:newington,,,https://www.newingtonct.gov/town-clerk/pages/elections,candidate
us:authority:ct:town-clerk:newtown-town-clerk,us:ct:municipality:newtown,,,https://www.newtownct.gov/town-clerk/pages/elections,candidate
us:authority:ct:town-clerk:north-branford-town-clerk,us:ct:municipality:north-branford,,,https://www.north-branfordct.gov/town-clerk/pages/elections,candidate
us:authority:ct:town-clerk:north-canaan-town-clerk,us:ct:municipality:north-canaan,,,https://www.north-canaanct.gov/town-clerk/pages/elections,candidate
us:authority:ct:town-clerk:north-haven-town-clerk,us:ct:municipality:north-haven,,,https://www.north-havenct.gov/town-clerk/pages/elections,candidate
us:authority:ct:town-clerk:north-stonington-town-clerk,us:ct:municipality:north-stonington,,,https://www.north-stoningtonct.gov/town-clerk/pages/elections,candidate
us:authority:ct:town-clerk:old-lyme-town-clerk,us:ct:municipality:old-lyme,,,https://www.old-lymect.gov/town-clerk/pages/elections,candidate
us:authority:ct:town-clerk:old-saybrook-town-clerk,us:ct:municipality:old-saybrook,,,https://www.old-saybrookct.gov/town-clerk/pages/elections,candidate
us:authority:ct:town-clerk:orange-town-clerk,us:ct:municipality:orange,,,https://www.orangect.gov/town-clerk/pages/elections,candidate
us:authority:ct:town-clerk:oxford-town-clerk,us:ct:municipality:oxford,,,https://www.oxfordct.gov/town-clerk/pages/elections,candidate
us:authority:ct:town-clerk:plainfield-town-clerk,us:ct:municipality:plainfield,,,https://www.plainfieldct.gov/town-clerk/pages/elections,candidate
us:authority:ct:town-clerk:plainville-town-clerk,us:ct:municipality:plainville,,,https://www.plainvillect.gov/town-clerk/pages/elections,candidate
us:authority:ct:town-clerk:plymouth-town-clerk,us:ct:municipality:plymouth,,,https://www.plymouthct.gov/town-clerk/pages/elections,candidate
us:authority:ct:town-clerk:pomfret-town-clerk,us:ct:municipality:pomfret,,,https://www.pomfretct.gov/town-clerk/pages/elections,candidate
us:authority:ct:town-clerk:portland-town-clerk,us:ct:municipality:portland,,,https://www.portlandct.gov/town-clerk/pages/elections,candidate
us:authority:ct:town-clerk:preston-town-clerk,us:ct:municipality:preston,,,https://www.prestonct.gov/town-clerk/pages/elections,candidate
us:authority:ct:town-clerk:prospect-town-clerk,us:ct:municipality:prospect,,,https://www.prospectct.gov/town-clerk/pages/elections,candidate
us:authority:ct:town-clerk:redding-town-clerk,us:ct:municipality:redding,,,https://www.reddingct.gov/town-clerk/pages/elections,candidate
us:authority:ct:town-clerk:ridgefield-town-clerk,us:ct:municipality:ridgefield,,,https://www.ridgefieldct.gov/town-clerk/pages/elections,candidate
us:authority:ct:town-clerk:rocky-hill-town-clerk,us:ct:municipality:rocky-hill,,,https://www.rocky-hillct.gov/town-clerk/pages/elections,candidate
us:authority:ct:town-clerk:roxbury-town-clerk,us:ct:municipality:roxbury,,,https://www.roxburyct.gov/town-clerk/pages/elections,candidate
us:authority:ct:town-clerk:salem-town-clerk,us:ct:municipality:salem,,,https://www.salemct.gov/town-clerk/pages/elections,candidate
us:authority:ct:town-clerk:scotland-town-clerk,us:ct:municipality:scotland,,,https://www.scotlandct.gov/town-clerk/pages/elections,candidate
us:authority:ct:town-clerk:seymour-town-clerk,us:ct:municipality:seymour,,,https://www.seymourct.gov/town-clerk/pages/elections,candidate
us:authority:ct:town-clerk:sharon-town-clerk,us:ct:municipality:sharon,,,https://www.sharonct.gov/town-clerk/pages/elections,candidate
us:authority:ct:town-clerk:shelton-town-clerk,us:ct:municipality:shelton,,,https://www.sheltonct.gov/town-clerk/pages/elections,candidate
us:authority:ct:town-clerk:sherman-town-clerk,us:ct:municipality:sherman,,,https://www.shermanct.gov/town-clerk/pages/elections,candidate
us:authority:ct:town-clerk:simsbury-town-clerk,us:ct:municipality:simsbury,,,https://www.simsburyct.gov/town-clerk/pages/elections,candidate
us:authority:ct:town-clerk:somers-town-clerk,us:ct:municipality:somers,,,https://www.somersct.gov/town-clerk/pages/elections,candidate
us:authority:ct:town-clerk:south-windsor-town-clerk,us:ct:municipality:south-windsor,,,https://www.south-windsorct.gov/town-clerk/pages/elections,candidate
us:authority:ct:town-clerk:southbury-town-clerk,us:ct:municipality:southbury,,,https://www.southburyct.gov/town-clerk/pages/elections,candidate
us:authority:ct:town-clerk:southington-town-clerk,us:ct:municipality:southington,,,https://www.southingtonct.gov/town-clerk/pages/elections,candidate
us:authority:ct:town-clerk:sprague-town-clerk,us:ct:municipality:sprague,,,https://www.spraguect.gov/town-clerk/pages/elections,candidate
us:authority:ct:town-clerk:stafford-town-clerk,us:ct:municipality:stafford,,,https://www.staffordct.gov/town-clerk/pages/elections,candidate
us:authority:ct:town-clerk:sterling-town-clerk,us:ct:municipality:sterling,,,https://www.sterlingct.gov/town-clerk/pages/elections,candidate
us:authority:ct:town-clerk:stonington-town-clerk,us:ct:municipality:stonington,,,https://www.stoningtonct.gov/town-clerk/pages/elections,candidate
us:authority:ct:town-clerk:stratford-town-clerk,us:ct:municipality:stratford,,,https://www.stratfordct.gov/town-clerk/pages/elections,candidate
us:authority:ct:town-clerk:suffield-town-clerk,us:ct:municipality:suffield,,,https://www.suffieldct.gov/town-clerk/pages/elections,candidate
us:authority:ct:town-clerk:thomaston-town-clerk,us:ct:municipality:thomaston,,,https://www.thomastonct.gov/town-clerk/pages/elections,candidate
us:authority:ct:town-clerk:thompson-town-clerk,us:ct:municipality:thompson,,,https://www.thompsonct.gov/town-clerk/pages/elections,candidate
us:authority:ct:town-clerk:trumbull-town-clerk,us:ct:municipality:trumbull,,,https://www.trumbullct.gov/town-clerk/pages/elections,candidate
us:authority:ct:town-clerk:vernon-town-clerk,us:ct:municipality:vernon,,,https://www.vernonct.gov/town-clerk/pages/elections,candidate
us:authority:ct:town-clerk:voluntown-town-clerk,us:ct:municipality:voluntown,,,https://www.voluntownct.gov/town-clerk/pages/elections,candidate
us:authority:ct:town-clerk:warren-town-clerk,us:ct:municipality:warren,,,https://www.warrenct.gov/town-clerk/pages/elections,candidate
us:authority:ct:town-clerk:washington-town-clerk,us:ct:municipality:washington,,,https://www.washingtonct.gov/town-clerk/pages/elections,candidate
us:authority:ct:town-clerk:waterford-town-clerk,us:ct:municipality:waterford,,,https://www.waterfordct.gov/town-clerk/pages/elections,candidate
us:authority:ct:town-clerk:watertown-town-clerk,us:ct:municipality:watertown,,,https://www.watertownct.gov/town-clerk/pages/elections,candidate
us:authority:ct:town-clerk:west-haven-town-clerk,us:ct:municipality:west-haven,,,https://www.west-havenct.gov/town-clerk/pages/elections,candidate
us:authority:ct:town-clerk:westbrook-town-clerk,us:ct:municipality:westbrook,,,https://www.westbrookct.gov/town-clerk/pages/elections,candidate
us:authority:ct:town-clerk:weston-town-clerk,us:ct:municipality:weston,,,https://www.westonct.gov/town-clerk/pages/elections,candidate
us:authority:ct:town-clerk:westport-town-clerk,us:ct:municipality:westport,,,https://www.westportct.gov/town-clerk/pages/elections,candidate
us:authority:ct:town-clerk:wethersfield-town-clerk,us:ct:municipality:wethersfield,,,https://www.wethersfieldct.gov/town-clerk/pages/elections,candidate
us:authority:ct:town-clerk:willington-town-clerk,us:ct:municipality:willington,,,https://www.willingtonct.gov/town-clerk/pages/elections,candidate
us:authority:ct:town-clerk:wilton-town-clerk,us:ct:municipality:wilton,,,https://www.wiltonct.gov/town-clerk/pages/elections,candidate
us:authority:ct:town-clerk:winchester-town-clerk,us:ct:municipality:winchester,,,https://www.winchesterct.gov/town-clerk/pages/elections,candidate
us:authority:ct:town-clerk:windsor-town-clerk,us:ct:municipality:windsor,,,https://www.windsorct.gov/town-clerk/pages/elections,candidate
us:authority:ct:town-clerk:windsor-locks-town-clerk,us:ct:municipality:windsor-locks,,,https://www.windsor-locksct.gov/town-clerk/pages/elections,candidate
us:authority:ct:town-clerk:wolcott-town-clerk,us:ct:municipality:wolcott,,,https://www.wolcottct.gov/town-clerk/pages/elections,candidate
us:authority:ct:town-clerk:woodbridge-town-clerk,us:ct:municipality:woodbridge,,,https://www.woodbridgect.gov/town-clerk/pages/elections,candidate
us:authority:ct:town-clerk:woodbury-town-clerk,us:ct:municipality:woodbury,,,https://www.woodburyct.gov/town-clerk/pages/elections,candidate
us:authority:ct:town-clerk:woodstock-town-clerk,us:ct:municipality:woodstock,,,https://www.woodstockct.gov/town-clerk/pages/elections,candidate
us:authority:ct:town-clerk:canton-town-clerk,us:ct:municipality:canton,,,https://www.cantonct.gov/town-clerk/pages/elections,candidate
us:authority:ct:town-clerk:norfolk-town-clerk,us:ct:municipality:norfolk,,,https://www.norfolkct.org/town-clerk/pages/elections,candidate
us:authority:ct:town-clerk:tolland-town-clerk,us:ct:municipality:tolland,,,https://www.tollandct.gov/town-clerk/pages/elections,candidate
us:authority:pa:county-election-office:adams-county-election-office,us:pa:county:adams,,,,candidate
us:authority:pa:county-election-office:allegheny-county-election-office,us:pa:county:allegheny,,,,candidate
us:authority:pa:county-election-office:armstrong-county-election-office,us:pa:county:armstrong,,,,candidate
us:authority:pa:county-election-office:beaver-county-election-office,us:pa:county:beaver,,,,candidate
us:authority:pa:county-election-office:bedford-county-election-office,us:pa:county:bedford,,,,candidate
us:authority:pa:county-election-office:berks-county-election-office,us:pa:county:berks,,,,candidate
us:authority:pa:county-election-office:blair-county-election-office,us:pa:county:blair,,,,candidate
us:authority:pa:county-election-office:bradford-county-election-office,us:pa:county:bradford,,,,candidate
us:authority:pa:county-election-office:bucks-county-election-office,us:pa:county:bucks,,,,candidate
us:authority:pa:county-election-office:butler-county-election-office,us:pa:county:butler,,,,candidate
us:authority:pa:county-election-office:cambria-county-election-office,us:pa:county:cambria,,,,candidate
us:authority:pa:county-election-office:cameron-county-election-office,us:pa:county:cameron,,,,candidate
us:authority:pa:county-election-office:carbon-county-election-office,us:pa:county:carbon,,,,candidate
us:authority:pa:county-election-office:centre-county-election-office,us:pa:county:centre,,,,candidate
us:authority:pa:county-election-office:chester-county-election-office,us:pa:county:chester,,,,candidate
us:authority:pa:county-election-office:clarion-county-election-office,us:pa:county:clarion,,,,candidate
us:authority:pa:county-election-office:clearfield-county-election-office,us:pa:county:clearfield,,,,candidate
us:authority:pa:county-election-office:clinton-county-election-office,us:pa:county:clinton,,,,candidate
us:authority:pa:county-election-office:columbia-county-election-office,us:pa:county:columbia,,,,candidate
us:authority:pa:county-election-office:crawford-county-election-office,us:pa:county:crawford,,,,candidate
us:authority:pa:county-election-office:cumberland-county-election-office,us:pa:county:cumberland,,,,candidate
us:authority:pa:county-election-office:dauphin-county-election-office,us:pa:county:dauphin,,,,candidate
us:authority:pa:county-election-office:delaware-county-election-office,us:pa:county:delaware,,,,candidate
us:authority:pa:county-election-office:elk-county-election-office,us:pa:county:elk,,,,candidate
us:authority:pa:county-election-office:erie-county-election-office,us:pa:county:erie,,,,candidate
us:authority:pa:county-election-office:fayette-county-election-office,us:pa:county:fayette,,,,candidate
us:authority:pa:county-election-office:forest-county-election-office,us:pa:county:forest,,,,candidate
us:authority:pa:county-election-office:franklin-county-election-office,us:pa:county:franklin,,,,candidate
us:authority:pa:county-election-office:fulton-county-election-office,us:pa:county:fulton,,,,candidate
us:authority:pa:county-election-office:greene-county-election-office,us:pa:county:greene,,,,candidate
us:authority:pa:county-election-office:huntingdon-county-election-office,us:pa:county:huntingdon,,,,candidate
us:authority:pa:county-election-office:indiana-county-election-office,us:pa:county:indiana,,,,candidate
us:authority:pa:county-election-office:jefferson-county-election-office,us:pa:county:jefferson,,,,candidate
us:authority:pa:county-election-office:juniata-county-election-office,us:pa:county:juniata,,,,candidate
us:authority:pa:county-election-office:lackawanna-county-election-office,us:pa:county:lackawanna,,,,candidate
us:authority:pa:county-election-office:lancaster-county-election-office,us:pa:county:lancaster,,,,candidate
us:authority:pa:county-election-office:lawrence-county-election-office,us:pa:county:lawrence,,,,candidate
us:authority:pa:county-election-office:lebanon-county-election-office,us:pa:county:lebanon,,,,candidate
us:authority:pa:county-election-office:lehigh-county-election-office,us:pa:county:lehigh,,,,candidate
us:authority:pa:county-election-office:luzerne-county-election-office,us:pa:county:luzerne,,,,candidate
us:authority:pa:county-election-office:lycoming-county-election-office,us:pa:county:lycoming,,,,candidate
us:authority:pa:county-election-office:mckean-county-election-office,us:pa:county:mckean,,,,candidate
us:authority:pa:county-election-office:mercer-county-election-office,us:pa:county:mercer,,,,candidate
us:authority:pa:county-election-office:mifflin-county-election-office,us:pa:county:mifflin,,,,candidate
us:authority:pa:county-election-office:monroe-county-election-office,us:pa:county:monroe,,,,candidate
us:authority:pa:county-election-office:montgomery-county-election-office,us:pa:county:montgomery,,,,candidate
us:authority:pa:county-election-office:montour-county-election-office,us:pa:county:montour,,,,candidate
us:authority:pa:county-election-office:northampton-county-election-office,us:pa:county:northampton,,,,candidate
us:authority:pa:county-election-office:northumberland-county-election-office,us:pa:county:northumberland,,,,candidate
us:authority:pa:county-election-office:perry-county-election-office,us:pa:county:perry,,,,candidate
us:authority:pa:county-election-office:philadelphia-county-election-office,us:pa:county:philadelphia,,,,candidate
us:authority:pa:county-election-office:pike-county-election-office,us:pa:county:pike,,,,candidate
us:authority:pa:county-election-office:potter-county-election-office,us:pa:county:potter,,,,candidate
us:authority:pa:county-election-office:schuylkill-county-election-office,us:pa:county:schuylkill,,,,candidate
us:authority:pa:county-election-office:snyder-county-election-office,us:pa:county:snyder,,,,candidate
us:authority:pa:county-election-office:somerset-county-election-office,us:pa:county:somerset,,,,candidate
us:authority:pa:county-election-office:sullivan-county-election-office,us:pa:county:sullivan,,,,candidate
us:authority:pa:county-election-office:susquehanna-county-election-office,us:pa:county:susquehanna,,,,candidate
us:authority:pa:county-election-office:tioga-county-election-office,us:pa:county:tioga,,,,candidate
us:authority:pa:county-election-office:union-county-election-office,us:pa:county:union,,,,candidate
us:authority:pa:county-election-office:venango-county-election-office,us:pa:county:venango,,,,candidate
us:authority:pa:county-election-office:warren-county-election-office,us:pa:county:warren,,,,candidate
us:authority:pa:county-election-office:washington-county-election-office,us:pa:county:washington,,,,candidate
us:authority:pa:county-election-office:wayne-county-election-office,us:pa:county:wayne,,,,candidate
us:authority:pa:county-election-office:westmoreland-county-election-office,us:pa:county:westmoreland,,,,candidate
us:authority:pa:county-election-office:wyoming-county-election-office,us:pa:county:wyoming,,,,candidate
us:authority:pa:county-election-office:york-county-election-office,us:pa:county:york,,,,candidate
