state,result_url,source_scope,election_night_candidate,smallest_observed_unit,notes
AK,https://www.elections.alaska.gov/election-results/,statewide,true,precinct,"Official Alaska Division of Elections results hub; current results expose precinct CSV downloads."
AL,https://www.sos.alabama.gov/alabama-votes/voter/election-information/2026,statewide,false,county,"Official Alabama election-information page links certified party/state results and Excel vote totals."
AR,https://www.sos.arkansas.gov/elections/research/election-results,statewide,true,precinct,"Official Arkansas election-results hub; identifies new election-night reporting site and downloadable precinct CSV for prior general election."
CA,https://electionresults.sos.ca.gov/,statewide,true,county,"California Secretary of State statewide election-night results system; official guide states updates begin after polls close."
CO,https://www.sos.state.co.us/pubs/elections/,statewide,true,county,"Colorado Secretary of State election system; state rules require county results uploads to the SOS ENR system."
DE,https://elections.delaware.gov/results/index.html,statewide,true,precinct,"Official Delaware Department of Elections results index."
GA,https://results.sos.ga.gov/results/public/Georgia/elections/GeneralPrimary51926,statewide,true,county,"Official Georgia statewide results surface; auto-refreshes and exposes county views/download reports."
KS,https://sos.ks.gov/elections/election-results.html,statewide,false,precinct,"Official Kansas results archive; official and precinct-level results available in PDF/Excel."
MA,https://www.sec.state.ma.us/divisions/elections/elections-and-voting.htm,statewide,false,municipality,"Massachusetts publishes certified results but explicitly does not publish election-night results."
MT,https://sosmt.gov/elections/results/,statewide,false,precinct,"Official Montana results page with statewide, county, legislative, and precinct-by-precinct files."
NC,https://www.ncsbe.gov/results-data/election-results,statewide,true,precinct,"Official NCSBE dashboard for live election-night results plus detailed downloadable historical result files."
NM,https://electionresults.sos.nm.gov/,statewide,true,precinct,"Official New Mexico statewide live results surface with reporting status and county views."
NV,https://results.nv.gov/,statewide,true,county,"Nevada SOS identifies Results.NV.gov as the official post-poll-close results surface."
UT,https://electionresults.utah.gov/results/public/cache-county-ut/elections/Primary06232026/precincts,county,true,precinct,"Official Utah election-results application surface; current evidence is county-scoped and should be broadened during within-state depth work."
WY,https://sos.wyo.gov/Elections/Docs/2026/2026PrimaryResults.aspx,statewide,false,precinct,"Official Wyoming 2026 primary results with statewide summaries, county precinct files, and downloadable ZIP/Excel data."
