locality,county,platform_or_shape,live_results,archive,precinct_or_ward_level,vote_mode_detail,turnout_fields,download_formats,portability_class,notes
"Portland","Cumberland","municipal election archive + ward/district result documents","false","true","true","unknown","true","PDF;web","C","City-run election archive; local contests and ward/district structure make municipality topology first-class."
"Lewiston","Androscoggin","municipal results/documents","false","true","true","unknown","unknown","PDF;web","C","City clerk publishes election material/results; ward topology relevant."
"Bangor","Penobscot","municipal election results archive","false","true","true","unknown","unknown","PDF;web","C","Municipal archive; precinct/ward detail varies by election."
"South Portland","Cumberland","municipal results + district structure","false","true","true","unknown","unknown","PDF;web","C","City election products; district/precinct geography must be preserved."
"Auburn","Androscoggin","municipal election archive","false","true","true","unknown","unknown","PDF;web","C","City-run archive; likely document-first extraction."
"Biddeford","York","municipal election results/documents","false","true","true","unknown","unknown","PDF;web","C","Municipal election products with ward structure."
"Sanford","York","municipal election documents/results","false","true","unknown","unknown","unknown","PDF;web","C","City clerk source; document-first family."
"Saco","York","municipal election results/documents","false","true","true","unknown","unknown","PDF;web","C","Municipal result documents; ward structure relevant."
"Westbrook","Cumberland","municipal election archive","false","true","true","unknown","unknown","PDF;web","C","City-run archive; local reporting units rather than county result center."
"Augusta","Kennebec","municipal election results/documents","false","true","true","unknown","unknown","PDF;web","C","City clerk products; ward topology relevant."
"Waterville","Kennebec","municipal election archive","false","true","true","unknown","unknown","PDF;web","C","Municipal archive; document extraction likely reusable."
"Brunswick","Cumberland","town election archive","false","true","true","unknown","unknown","PDF;web","C","Town-run results; districts/precincts can differ from county/state aggregation."
"Scarborough","Cumberland","town election results/documents","false","true","unknown","unknown","unknown","PDF;web","C","Town clerk document family."
"Windham","Cumberland","town election results/documents","false","true","unknown","unknown","unknown","PDF;web","C","Town-run election documents."
"Gorham","Cumberland","town election results/documents","false","true","unknown","unknown","unknown","PDF;web","C","Town clerk archive/document family."
"Falmouth","Cumberland","town election results/documents","false","true","unknown","unknown","unknown","PDF;web","C","Town election documents; likely generic archive/PDF path."
"Orono","Penobscot","town election results/documents","false","true","unknown","unknown","unknown","PDF;web","C","Town clerk source; local and statewide election products."
"Farmington","Franklin","town election results/documents","false","true","unknown","unknown","unknown","PDF;web","C","Town-run document source."
"Presque Isle","Aroostook","municipal election documents","false","true","unknown","unknown","unknown","PDF;web","C","City clerk source; northern Maine locality test."
"Rockland","Knox","municipal election results/documents","false","true","unknown","unknown","unknown","PDF;web","C","City-run document/archive source."
Kittery,York,"municipal document/archive candidate",unknown,true,unknown,unknown,unknown,"PDF;web",pending,"Expanded Maine cohort; artifact verification pending."
York,York,"municipal document/archive candidate",unknown,true,unknown,unknown,unknown,"PDF;web",pending,"Expanded Maine cohort; artifact verification pending."
Wells,York,"municipal document/archive candidate",unknown,true,unknown,unknown,unknown,"PDF;web",pending,"Expanded Maine cohort; artifact verification pending."
Kennebunk,York,"municipal document/archive candidate",unknown,true,unknown,unknown,unknown,"PDF;web",pending,"Expanded Maine cohort; artifact verification pending."
Kennebunkport,York,"municipal document/archive candidate",unknown,true,unknown,unknown,unknown,"PDF;web",pending,"Expanded Maine cohort; artifact verification pending."
Old Orchard Beach,York,"municipal document/archive candidate",unknown,true,unknown,unknown,unknown,"PDF;web",pending,"Expanded Maine cohort; artifact verification pending."
Cape Elizabeth,Cumberland,"municipal document/archive candidate",unknown,true,unknown,unknown,unknown,"PDF;web",pending,"Expanded Maine cohort; artifact verification pending."
Yarmouth,Cumberland,"municipal document/archive candidate",unknown,true,unknown,unknown,unknown,"PDF;web",pending,"Expanded Maine cohort; artifact verification pending."
Freeport,Cumberland,"municipal document/archive candidate",unknown,true,unknown,unknown,unknown,"PDF;web",pending,"Expanded Maine cohort; artifact verification pending."
Cumberland,Cumberland,"municipal document/archive candidate",unknown,true,unknown,unknown,unknown,"PDF;web",pending,"Expanded Maine cohort; artifact verification pending."
Gray,Cumberland,"municipal document/archive candidate",unknown,true,unknown,unknown,unknown,"PDF;web",pending,"Expanded Maine cohort; artifact verification pending."
New Gloucester,Cumberland,"municipal document/archive candidate",unknown,true,unknown,unknown,unknown,"PDF;web",pending,"Expanded Maine cohort; artifact verification pending."
Bath,Sagadahoc,"municipal document/archive candidate",unknown,true,unknown,unknown,unknown,"PDF;web",pending,"Expanded Maine cohort; artifact verification pending."
Topsham,Sagadahoc,"municipal document/archive candidate",unknown,true,unknown,unknown,unknown,"PDF;web",pending,"Expanded Maine cohort; artifact verification pending."
Lisbon,Androscoggin,"municipal document/archive candidate",unknown,true,unknown,unknown,unknown,"PDF;web",pending,"Expanded Maine cohort; artifact verification pending."
Sabattus,Androscoggin,"municipal document/archive candidate",unknown,true,unknown,unknown,unknown,"PDF;web",pending,"Expanded Maine cohort; artifact verification pending."
Turner,Androscoggin,"municipal document/archive candidate",unknown,true,unknown,unknown,unknown,"PDF;web",pending,"Expanded Maine cohort; artifact verification pending."
Winthrop,Kennebec,"municipal document/archive candidate",unknown,true,unknown,unknown,unknown,"PDF;web",pending,"Expanded Maine cohort; artifact verification pending."
Hallowell,Kennebec,"municipal document/archive candidate",unknown,true,unknown,unknown,unknown,"PDF;web",pending,"Expanded Maine cohort; artifact verification pending."
Gardiner,Kennebec,"municipal document/archive candidate",unknown,true,unknown,unknown,unknown,"PDF;web",pending,"Expanded Maine cohort; artifact verification pending."
Skowhegan,Somerset,"municipal document/archive candidate",unknown,true,unknown,unknown,unknown,"PDF;web",pending,"Expanded Maine cohort; artifact verification pending."
Fairfield,Somerset,"municipal document/archive candidate",unknown,true,unknown,unknown,unknown,"PDF;web",pending,"Expanded Maine cohort; artifact verification pending."
Pittsfield,Somerset,"municipal document/archive candidate",unknown,true,unknown,unknown,unknown,"PDF;web",pending,"Expanded Maine cohort; artifact verification pending."
Belfast,Waldo,"municipal document/archive candidate",unknown,true,unknown,unknown,unknown,"PDF;web",pending,"Expanded Maine cohort; artifact verification pending."
Camden,Knox,"municipal document/archive candidate",unknown,true,unknown,unknown,unknown,"PDF;web",pending,"Expanded Maine cohort; artifact verification pending."
Thomaston,Knox,"municipal document/archive candidate",unknown,true,unknown,unknown,unknown,"PDF;web",pending,"Expanded Maine cohort; artifact verification pending."
Ellsworth,Hancock,"municipal document/archive candidate",unknown,true,unknown,unknown,unknown,"PDF;web",pending,"Expanded Maine cohort; artifact verification pending."
Bar Harbor,Hancock,"municipal document/archive candidate",unknown,true,unknown,unknown,unknown,"PDF;web",pending,"Expanded Maine cohort; artifact verification pending."
Brewer,Penobscot,"municipal document/archive candidate",unknown,true,unknown,unknown,unknown,"PDF;web",pending,"Expanded Maine cohort; artifact verification pending."
Old Town,Penobscot,"municipal document/archive candidate",unknown,true,unknown,unknown,unknown,"PDF;web",pending,"Expanded Maine cohort; artifact verification pending."
Lincoln,Penobscot,"municipal document/archive candidate",unknown,true,unknown,unknown,unknown,"PDF;web",pending,"Expanded Maine cohort; artifact verification pending."
Millinocket,Penobscot,"municipal document/archive candidate",unknown,true,unknown,unknown,unknown,"PDF;web",pending,"Expanded Maine cohort; artifact verification pending."
Caribou,Aroostook,"municipal document/archive candidate",unknown,true,unknown,unknown,unknown,"PDF;web",pending,"Expanded Maine cohort; artifact verification pending."
Houlton,Aroostook,"municipal document/archive candidate",unknown,true,unknown,unknown,unknown,"PDF;web",pending,"Expanded Maine cohort; artifact verification pending."
Fort Kent,Aroostook,"municipal document/archive candidate",unknown,true,unknown,unknown,unknown,"PDF;web",pending,"Expanded Maine cohort; artifact verification pending."
Rumford,Oxford,"municipal document/archive candidate",unknown,true,unknown,unknown,unknown,"PDF;web",pending,"Expanded Maine cohort; artifact verification pending."
Norway,Oxford,"municipal document/archive candidate",unknown,true,unknown,unknown,unknown,"PDF;web",pending,"Expanded Maine cohort; artifact verification pending."
Paris,Oxford,"municipal document/archive candidate",unknown,true,unknown,unknown,unknown,"PDF;web",pending,"Expanded Maine cohort; artifact verification pending."
Bethel,Oxford,"municipal document/archive candidate",unknown,true,unknown,unknown,unknown,"PDF;web",pending,"Expanded Maine cohort; artifact verification pending."
Eliot,York,"municipal document/archive candidate",unknown,true,unknown,unknown,unknown,"PDF;web",pending,"Bulk expansion; artifact verification pending."
Berwick,York,"municipal document/archive candidate",unknown,true,unknown,unknown,unknown,"PDF;web",pending,"Bulk expansion; artifact verification pending."
South Berwick,York,"municipal document/archive candidate",unknown,true,unknown,unknown,unknown,"PDF;web",pending,"Bulk expansion; artifact verification pending."
North Berwick,York,"municipal document/archive candidate",unknown,true,unknown,unknown,unknown,"PDF;web",pending,"Bulk expansion; artifact verification pending."
Waterboro,York,"municipal document/archive candidate",unknown,true,unknown,unknown,unknown,"PDF;web",pending,"Bulk expansion; artifact verification pending."
Lyman,York,"municipal document/archive candidate",unknown,true,unknown,unknown,unknown,"PDF;web",pending,"Bulk expansion; artifact verification pending."
Buxton,York,"municipal document/archive candidate",unknown,true,unknown,unknown,unknown,"PDF;web",pending,"Bulk expansion; artifact verification pending."
Hollis,York,"municipal document/archive candidate",unknown,true,unknown,unknown,unknown,"PDF;web",pending,"Bulk expansion; artifact verification pending."
Dayton,York,"municipal document/archive candidate",unknown,true,unknown,unknown,unknown,"PDF;web",pending,"Bulk expansion; artifact verification pending."
Arundel,York,"municipal document/archive candidate",unknown,true,unknown,unknown,unknown,"PDF;web",pending,"Bulk expansion; artifact verification pending."
Standish,Cumberland,"municipal document/archive candidate",unknown,true,unknown,unknown,unknown,"PDF;web",pending,"Bulk expansion; artifact verification pending."
Raymond,Cumberland,"municipal document/archive candidate",unknown,true,unknown,unknown,unknown,"PDF;web",pending,"Bulk expansion; artifact verification pending."
Casco,Cumberland,"municipal document/archive candidate",unknown,true,unknown,unknown,unknown,"PDF;web",pending,"Bulk expansion; artifact verification pending."
Naples,Cumberland,"municipal document/archive candidate",unknown,true,unknown,unknown,unknown,"PDF;web",pending,"Bulk expansion; artifact verification pending."
Sebago,Cumberland,"municipal document/archive candidate",unknown,true,unknown,unknown,unknown,"PDF;web",pending,"Bulk expansion; artifact verification pending."
Baldwin,Cumberland,"municipal document/archive candidate",unknown,true,unknown,unknown,unknown,"PDF;web",pending,"Bulk expansion; artifact verification pending."
Pownal,Cumberland,"municipal document/archive candidate",unknown,true,unknown,unknown,unknown,"PDF;web",pending,"Bulk expansion; artifact verification pending."
North Yarmouth,Cumberland,"municipal document/archive candidate",unknown,true,unknown,unknown,unknown,"PDF;web",pending,"Bulk expansion; artifact verification pending."
Harpswell,Cumberland,"municipal document/archive candidate",unknown,true,unknown,unknown,unknown,"PDF;web",pending,"Bulk expansion; artifact verification pending."
Mechanic Falls,Androscoggin,"municipal document/archive candidate",unknown,true,unknown,unknown,unknown,"PDF;web",pending,"Bulk expansion; artifact verification pending."
Poland,Androscoggin,"municipal document/archive candidate",unknown,true,unknown,unknown,unknown,"PDF;web",pending,"Bulk expansion; artifact verification pending."
Durham,Androscoggin,"municipal document/archive candidate",unknown,true,unknown,unknown,unknown,"PDF;web",pending,"Bulk expansion; artifact verification pending."
Greene,Androscoggin,"municipal document/archive candidate",unknown,true,unknown,unknown,unknown,"PDF;web",pending,"Bulk expansion; artifact verification pending."
Livermore,Androscoggin,"municipal document/archive candidate",unknown,true,unknown,unknown,unknown,"PDF;web",pending,"Bulk expansion; artifact verification pending."
Livermore Falls,Androscoggin,"municipal document/archive candidate",unknown,true,unknown,unknown,unknown,"PDF;web",pending,"Bulk expansion; artifact verification pending."
Monmouth,Kennebec,"municipal document/archive candidate",unknown,true,unknown,unknown,unknown,"PDF;web",pending,"Bulk expansion; artifact verification pending."
Manchester,Kennebec,"municipal document/archive candidate",unknown,true,unknown,unknown,unknown,"PDF;web",pending,"Bulk expansion; artifact verification pending."
Belgrade,Kennebec,"municipal document/archive candidate",unknown,true,unknown,unknown,unknown,"PDF;web",pending,"Bulk expansion; artifact verification pending."
Oakland,Kennebec,"municipal document/archive candidate",unknown,true,unknown,unknown,unknown,"PDF;web",pending,"Bulk expansion; artifact verification pending."
Winslow,Kennebec,"municipal document/archive candidate",unknown,true,unknown,unknown,unknown,"PDF;web",pending,"Bulk expansion; artifact verification pending."
China,Kennebec,"municipal document/archive candidate",unknown,true,unknown,unknown,unknown,"PDF;web",pending,"Bulk expansion; artifact verification pending."
Vassalboro,Kennebec,"municipal document/archive candidate",unknown,true,unknown,unknown,unknown,"PDF;web",pending,"Bulk expansion; artifact verification pending."
Readfield,Kennebec,"municipal document/archive candidate",unknown,true,unknown,unknown,unknown,"PDF;web",pending,"Bulk expansion; artifact verification pending."
Wayne,Kennebec,"municipal document/archive candidate",unknown,true,unknown,unknown,unknown,"PDF;web",pending,"Bulk expansion; artifact verification pending."
Chelsea,Kennebec,"municipal document/archive candidate",unknown,true,unknown,unknown,unknown,"PDF;web",pending,"Bulk expansion; artifact verification pending."
Farmingdale,Kennebec,"municipal document/archive candidate",unknown,true,unknown,unknown,unknown,"PDF;web",pending,"Bulk expansion; artifact verification pending."
West Gardiner,Kennebec,"municipal document/archive candidate",unknown,true,unknown,unknown,unknown,"PDF;web",pending,"Bulk expansion; artifact verification pending."
Randolph,Kennebec,"municipal document/archive candidate",unknown,true,unknown,unknown,unknown,"PDF;web",pending,"Bulk expansion; artifact verification pending."
Norridgewock,Somerset,"municipal document/archive candidate",unknown,true,unknown,unknown,unknown,"PDF;web",pending,"Bulk expansion; artifact verification pending."
Madison,Somerset,"municipal document/archive candidate",unknown,true,unknown,unknown,unknown,"PDF;web",pending,"Bulk expansion; artifact verification pending."
Anson,Somerset,"municipal document/archive candidate",unknown,true,unknown,unknown,unknown,"PDF;web",pending,"Bulk expansion; artifact verification pending."
Canaan,Somerset,"municipal document/archive candidate",unknown,true,unknown,unknown,unknown,"PDF;web",pending,"Bulk expansion; artifact verification pending."
Hartland,Somerset,"municipal document/archive candidate",unknown,true,unknown,unknown,unknown,"PDF;web",pending,"Bulk expansion; artifact verification pending."
Palmyra,Somerset,"municipal document/archive candidate",unknown,true,unknown,unknown,unknown,"PDF;web",pending,"Bulk expansion; artifact verification pending."
Dexter,Penobscot,"municipal document/archive candidate",unknown,true,unknown,unknown,unknown,"PDF;web",pending,"Bulk expansion; artifact verification pending."
Dover-Foxcroft,Piscataquis,"municipal document/archive candidate",unknown,true,unknown,unknown,unknown,"PDF;web",pending,"Bulk expansion; artifact verification pending."
Greenville,Piscataquis,"municipal document/archive candidate",unknown,true,unknown,unknown,unknown,"PDF;web",pending,"Bulk expansion; artifact verification pending."
Milo,Piscataquis,"municipal document/archive candidate",unknown,true,unknown,unknown,unknown,"PDF;web",pending,"Bulk expansion; artifact verification pending."
Guilford,Piscataquis,"municipal document/archive candidate",unknown,true,unknown,unknown,unknown,"PDF;web",pending,"Bulk expansion; artifact verification pending."
Brownville,Piscataquis,"municipal document/archive candidate",unknown,true,unknown,unknown,unknown,"PDF;web",pending,"Bulk expansion; artifact verification pending."
East Millinocket,Penobscot,"municipal document/archive candidate",unknown,true,unknown,unknown,unknown,"PDF;web",pending,"Bulk expansion; artifact verification pending."
Howland,Penobscot,"municipal document/archive candidate",unknown,true,unknown,unknown,unknown,"PDF;web",pending,"Bulk expansion; artifact verification pending."
Newport,Penobscot,"municipal document/archive candidate",unknown,true,unknown,unknown,unknown,"PDF;web",pending,"Bulk expansion; artifact verification pending."
Hermon,Penobscot,"municipal document/archive candidate",unknown,true,unknown,unknown,unknown,"PDF;web",pending,"Bulk expansion; artifact verification pending."
Hampden,Penobscot,"municipal document/archive candidate",unknown,true,unknown,unknown,unknown,"PDF;web",pending,"Bulk expansion; artifact verification pending."
Veazie,Penobscot,"municipal document/archive candidate",unknown,true,unknown,unknown,unknown,"PDF;web",pending,"Bulk expansion; artifact verification pending."
Glenburn,Penobscot,"municipal document/archive candidate",unknown,true,unknown,unknown,unknown,"PDF;web",pending,"Bulk expansion; artifact verification pending."
Eddington,Penobscot,"municipal document/archive candidate",unknown,true,unknown,unknown,unknown,"PDF;web",pending,"Bulk expansion; artifact verification pending."
Clifton,Penobscot,"municipal document/archive candidate",unknown,true,unknown,unknown,unknown,"PDF;web",pending,"Bulk expansion; artifact verification pending."
Holden,Penobscot,"municipal document/archive candidate",unknown,true,unknown,unknown,unknown,"PDF;web",pending,"Bulk expansion; artifact verification pending."
Orrington,Penobscot,"municipal document/archive candidate",unknown,true,unknown,unknown,unknown,"PDF;web",pending,"Bulk expansion; artifact verification pending."
Dedham,Hancock,"municipal document/archive candidate",unknown,true,unknown,unknown,unknown,"PDF;web",pending,"Bulk expansion; artifact verification pending."
Bucksport,Hancock,"municipal document/archive candidate",unknown,true,unknown,unknown,unknown,"PDF;web",pending,"Bulk expansion; artifact verification pending."
Blue Hill,Hancock,"municipal document/archive candidate",unknown,true,unknown,unknown,unknown,"PDF;web",pending,"Bulk expansion; artifact verification pending."
Castine,Hancock,"municipal document/archive candidate",unknown,true,unknown,unknown,unknown,"PDF;web",pending,"Bulk expansion; artifact verification pending."
Deer Isle,Hancock,"municipal document/archive candidate",unknown,true,unknown,unknown,unknown,"PDF;web",pending,"Bulk expansion; artifact verification pending."
Stonington,Hancock,"municipal document/archive candidate",unknown,true,unknown,unknown,unknown,"PDF;web",pending,"Bulk expansion; artifact verification pending."
Mount Desert,Hancock,"municipal document/archive candidate",unknown,true,unknown,unknown,unknown,"PDF;web",pending,"Bulk expansion; artifact verification pending."
Southwest Harbor,Hancock,"municipal document/archive candidate",unknown,true,unknown,unknown,unknown,"PDF;web",pending,"Bulk expansion; artifact verification pending."
Tremont,Hancock,"municipal document/archive candidate",unknown,true,unknown,unknown,unknown,"PDF;web",pending,"Bulk expansion; artifact verification pending."
Sullivan,Hancock,"municipal document/archive candidate",unknown,true,unknown,unknown,unknown,"PDF;web",pending,"Bulk expansion; artifact verification pending."
Trenton,Hancock,"municipal document/archive candidate",unknown,true,unknown,unknown,unknown,"PDF;web",pending,"Bulk expansion; artifact verification pending."
Wiscasset,Lincoln,"municipal document/archive candidate",unknown,true,unknown,unknown,unknown,"PDF;web",pending,"Bulk expansion; artifact verification pending."
Damariscotta,Lincoln,"municipal document/archive candidate",unknown,true,unknown,unknown,unknown,"PDF;web",pending,"Bulk expansion; artifact verification pending."
Newcastle,Lincoln,"municipal document/archive candidate",unknown,true,unknown,unknown,unknown,"PDF;web",pending,"Bulk expansion; artifact verification pending."
Boothbay,Lincoln,"municipal document/archive candidate",unknown,true,unknown,unknown,unknown,"PDF;web",pending,"Bulk expansion; artifact verification pending."
Boothbay Harbor,Lincoln,"municipal document/archive candidate",unknown,true,unknown,unknown,unknown,"PDF;web",pending,"Bulk expansion; artifact verification pending."
Waldoboro,Lincoln,"municipal document/archive candidate",unknown,true,unknown,unknown,unknown,"PDF;web",pending,"Bulk expansion; artifact verification pending."
Bristol,Lincoln,"municipal document/archive candidate",unknown,true,unknown,unknown,unknown,"PDF;web",pending,"Bulk expansion; artifact verification pending."
Nobleboro,Lincoln,"municipal document/archive candidate",unknown,true,unknown,unknown,unknown,"PDF;web",pending,"Bulk expansion; artifact verification pending."
Jefferson,Lincoln,"municipal document/archive candidate",unknown,true,unknown,unknown,unknown,"PDF;web",pending,"Bulk expansion; artifact verification pending."
Whitefield,Lincoln,"municipal document/archive candidate",unknown,true,unknown,unknown,unknown,"PDF;web",pending,"Bulk expansion; artifact verification pending."
Union,Knox,"municipal document/archive candidate",unknown,true,unknown,unknown,unknown,"PDF;web",pending,"Bulk expansion; artifact verification pending."
Warren,Knox,"municipal document/archive candidate",unknown,true,unknown,unknown,unknown,"PDF;web",pending,"Bulk expansion; artifact verification pending."
Rockport,Knox,"municipal document/archive candidate",unknown,true,unknown,unknown,unknown,"PDF;web",pending,"Bulk expansion; artifact verification pending."
North Haven,Knox,"municipal document/archive candidate",unknown,true,unknown,unknown,unknown,"PDF;web",pending,"Bulk expansion; artifact verification pending."
Vinalhaven,Knox,"municipal document/archive candidate",unknown,true,unknown,unknown,unknown,"PDF;web",pending,"Bulk expansion; artifact verification pending."
St George,Knox,"municipal document/archive candidate",unknown,true,unknown,unknown,unknown,"PDF;web",pending,"Bulk expansion; artifact verification pending."
Owls Head,Knox,"municipal document/archive candidate",unknown,true,unknown,unknown,unknown,"PDF;web",pending,"Bulk expansion; artifact verification pending."
Friendship,Knox,"municipal document/archive candidate",unknown,true,unknown,unknown,unknown,"PDF;web",pending,"Bulk expansion; artifact verification pending."
Washington,Knox,"municipal document/archive candidate",unknown,true,unknown,unknown,unknown,"PDF;web",pending,"Bulk expansion; artifact verification pending."
