jurisdiction_id,state,jurisdiction_level,canonical_name,external_id_namespace,external_id,id_status,authority_id,coverage_status,final_capable,election_night_capable,final_evidence_url,election_night_evidence_url,final_source_id,election_night_source_id,assessment_method,assessment_status,first_verified_at,last_verified_at,notes
us:mi:county:washtenaw,MI,county,Washtenaw,,,provisional_name,us:authority:mi:county-clerk:washtenaw-county-clerk,both,true,true,https://www.washtenaw.org/304/Elections,https://www.washtenaw.org/304/Elections,,,existing_state_capability_registry,verified,,,Current system exposes precinct pages and source timestamps; consolidated reporting-unit variants observed in 2025.
us:mi:county:wayne,MI,county,Wayne,,,provisional_name,us:authority:mi:county-clerk:wayne-county-clerk,both,true,true,https://www.waynecounty.com/elected/clerk/elections.aspx,https://www.waynecounty.com/elected/clerk/elections.aspx,,,existing_state_capability_registry,verified,,,2024 official summary reports 912 precincts and mode-separated totals; extensive race-by-precinct PDFs.
us:mi:county:oakland,MI,county,Oakland,,,provisional_name,us:authority:mi:county-clerk:oakland-county-clerk,both,true,true,https://www.oakgov.com/government/clerk-register-of-deeds/elections-voting,https://www.oakgov.com/government/clerk-register-of-deeds/elections-voting,,,existing_state_capability_registry,verified,,,Past-results portal uses county Election Reporting System and separate voter-turnout reports; needs endpoint reverse engineering.
us:mi:county:macomb,MI,county,Macomb,,,provisional_name,us:authority:mi:county-clerk:macomb-county-clerk,both,true,true,https://clerk.macombgov.org/Clerk-Elections,https://clerk.macombgov.org/Clerk-Elections,,,existing_state_capability_registry,verified,,,"Precinct Reporting Details records first report, 50% reported, and final timestamps separately for ED and AV by jurisdiction."
us:mi:county:ingham,MI,county,Ingham,,,provisional_name,us:authority:mi:county-clerk:ingham-county-clerk,both,true,true,https://clerk.ingham.org/departments_and_officials/county_clerk/elections.php,https://clerk.ingham.org/departments_and_officials/county_clerk/elections.php,,,existing_state_capability_registry,verified,,,"County index consistently publishes summary, precinct, results website, candidate/local proposal, and audit artifacts."
us:mi:county:kent,MI,county,Kent,,,provisional_name,us:authority:mi:county-clerk:kent-county-clerk,both,true,true,https://www.accesskent.com/Departments/Elections/,https://www.accesskent.com/Departments/Elections/,,,existing_state_capability_registry,verified,,,"Election database exposes contest-level precinct CSV downloads plus votes, undervotes, overvotes, total ballots cast, and registered voters."
us:mi:county:genesee,MI,county,Genesee,,,provisional_name,us:authority:mi:county-clerk:genesee-county-clerk,both,true,true,https://www.geneseecountymi.gov/departments/county_clerk/elections/index.php,https://www.geneseecountymi.gov/departments/county_clerk/elections/index.php,,,existing_state_capability_registry,verified,,,Official county election site is authoritative; classify endpoint family during live-feed pass.
us:mi:county:ottawa,MI,county,Ottawa,,,provisional_name,us:authority:mi:county-clerk:ottawa-county-clerk,both,true,true,https://www.miottawa.org/departments/county-clerk/elections/,https://www.miottawa.org/departments/county-clerk/elections/,,,existing_state_capability_registry,verified,,,Official county election site is authoritative; endpoint family still needs fingerprinting.
us:mi:county:kalamazoo,MI,county,Kalamazoo,,,provisional_name,us:authority:mi:county-clerk:kalamazoo-county-clerk,both,true,true,https://www.kalcounty.com/clerk/elections.php,https://www.kalcounty.com/clerk/elections.php,,,existing_state_capability_registry,verified,,,Current/past results portal and post-election audit links available; need inspect election-result endpoint for precinct/mode granularity.
us:mi:county:jackson,MI,county,Jackson,,,provisional_name,us:authority:mi:county-clerk:jackson-county-clerk,both,true,true,https://www.mijackson.org/170/Elections,https://www.mijackson.org/170/Elections,,,existing_state_capability_registry,verified,,,Current results and archive publish summary and precinct-by-precinct PDFs; archive extends to 1993.
us:mi:county:allegan,MI,county,Allegan,,,provisional_name,us:authority:mi:county-clerk:allegan-county-clerk,both,true,true,https://www.allegancounty.org/departments/county-clerk/elections,https://www.allegancounty.org/departments/county-clerk/elections,,,existing_state_capability_registry,verified,,,"Publishes Precinct Status, Statement of Votes Cast, summary, results-per-precinct, and canvass PDFs; current website archive goes back to 2016."
us:mi:county:barry,MI,county,Barry,,,provisional_name,us:authority:mi:county-clerk:barry-county-clerk,final_only,true,false,https://www.barrycounty.org/departments_and_officials/officials/county_clerk/elections.php,,,,existing_state_capability_registry,verified,,,Official authority known; endpoint family pending automated fingerprint.
us:mi:county:bay,MI,county,Bay,,,provisional_name,us:authority:mi:county-clerk:bay-county-clerk,both,true,true,https://www.baycountymi.gov/Clerk/Elections/,https://www.baycountymi.gov/Clerk/Elections/,,,existing_state_capability_registry,verified,,,2026 index publishes separate Summary and Precinct results for multiple elections.
us:mi:county:berrien,MI,county,Berrien,,,provisional_name,us:authority:mi:county-clerk:berrien-county-clerk,both,true,true,https://www.berriencounty.org/169/Elections,https://www.berriencounty.org/169/Elections,,,existing_state_capability_registry,verified,,,Recent elections link to a dedicated results system; archive also contains PDF-era results.
us:mi:county:calhoun,MI,county,Calhoun,,,provisional_name,us:authority:mi:county-clerk:calhoun-county-clerk,both,true,true,https://www.calhouncountymi.gov/departments/clerk_and_register_of_deeds/elections.php,https://www.calhouncountymi.gov/departments/clerk_and_register_of_deeds/elections.php,,,existing_state_capability_registry,verified,,,Current app exposes contest results and full/partial/not-reported status by precinct; separate ArcGIS ElectionResults service exposes precinct-boundary and contest layers.
us:mi:county:clinton,MI,county,Clinton,,,provisional_name,us:authority:mi:county-clerk:clinton-county-clerk,final_only,true,false,https://www.clinton-county.org/228/Elections,,,,existing_state_capability_registry,verified,,,Official authority known; endpoint family pending automated fingerprint.
us:mi:county:eaton,MI,county,Eaton,,,provisional_name,us:authority:mi:county-clerk:eaton-county-clerk,final_only,true,false,https://www.eatoncounty.org/241/Elections,,,,existing_state_capability_registry,verified,,,Official authority known; endpoint family pending automated fingerprint.
us:mi:county:grand-traverse,MI,county,Grand Traverse,,,provisional_name,us:authority:mi:county-clerk:grand-traverse-county-clerk,both,true,true,https://www.gtcountymi.gov/2219/Elections,https://www.gtcountymi.gov/2219/Elections,,,existing_state_capability_registry,verified,,,2026 page links official results and Election Day turnout; reporting center covers results beginning in 2021.
us:mi:county:livingston,MI,county,Livingston,,,provisional_name,us:authority:mi:county-clerk:livingston-county-clerk,both,true,true,https://milivcounty.gov/clerk/elections/,https://milivcounty.gov/clerk/elections/,,,existing_state_capability_registry,verified,,,"2026 page publishes Statement of Votes Cast, Precinct Status, candidate/proposal reports, and Early Voting Totals; notes which townships lack AVCB precincts."
us:mi:county:monroe,MI,county,Monroe,,,provisional_name,us:authority:mi:county-clerk:monroe-county-clerk,final_only,true,false,https://www.co.monroe.mi.us/officials_and_departments/officials/county_clerk/elections.php,,,,existing_state_capability_registry,verified,,,Official authority known; endpoint family pending automated fingerprint.
us:mi:county:muskegon,MI,county,Muskegon,,,provisional_name,us:authority:mi:county-clerk:muskegon-county-clerk,both,true,true,https://co.muskegon.mi.us/419/Elections,https://co.muskegon.mi.us/419/Elections,,,existing_state_capability_registry,verified,,,Archive exposes separate cumulative and precinct results plus result mapping across recent elections.
us:mi:county:saginaw,MI,county,Saginaw,,,provisional_name,us:authority:mi:county-clerk:saginaw-county-clerk,final_only,true,false,https://www.saginawcounty.com/departments/county-clerk/elections/,,,,existing_state_capability_registry,verified,,,Official authority registered; detailed result-shape classification still pending.
us:mi:county:st-clair,MI,county,St. Clair,,,provisional_name,us:authority:mi:county-clerk:st-clair-county-clerk,final_only,true,false,https://www.stclaircounty.org/offices/109,,,,existing_state_capability_registry,verified,,,Official authority registered; detailed result-shape classification still pending.
us:mi:county:lapeer,MI,county,Lapeer,,,provisional_name,us:authority:mi:county-clerk:lapeer-county-clerk,final_only,true,false,https://www.lapeercountymi.gov/departments/county_clerk/elections.php,,,,existing_state_capability_registry,verified,,,Official authority registered; detailed result-shape classification still pending.
us:mi:county:shiawassee,MI,county,Shiawassee,,,provisional_name,us:authority:mi:county-clerk:shiawassee-county-clerk,final_only,true,false,https://www.shiawassee.net/County-Clerk/Elections/,,,,existing_state_capability_registry,verified,,,Official authority registered; detailed result-shape classification still pending.
us:mi:county:midland,MI,county,Midland,,,provisional_name,us:authority:mi:county-clerk:midland-county-clerk,final_only,true,false,https://www.co.midland.mi.us/CountyClerk/Elections.aspx,,,,existing_state_capability_registry,verified,,,Official authority registered; detailed result-shape classification still pending.
us:mi:county:isabella,MI,county,Isabella,,,provisional_name,us:authority:mi:county-clerk:isabella-county-clerk,both,true,true,https://www.isabellacounty.org/departments/county-clerk/elections/,https://www.isabellacounty.org/departments/county-clerk/elections/,,,existing_state_capability_registry,verified,,,County election page links directly to app.enhancedvoting.com public results; reusable Enhanced Voting adapter target.
us:mi:county:gratiot,MI,county,Gratiot,,,provisional_name,us:authority:mi:county-clerk:gratiot-county-clerk,final_only,true,false,https://www.gratiotmi.com/239/Elections,,,,existing_state_capability_registry,verified,,,Official authority registered; detailed result-shape classification still pending.
us:mi:county:ionia,MI,county,Ionia,,,provisional_name,us:authority:mi:county-clerk:ionia-county-clerk,final_only,true,false,https://ioniacounty.org/departments-officials/county-clerk/elections/,,,,existing_state_capability_registry,verified,,,Official authority registered; detailed result-shape classification still pending.
us:mi:county:montcalm,MI,county,Montcalm,,,provisional_name,us:authority:mi:county-clerk:montcalm-county-clerk,both,true,true,https://www.montcalm.us/643/Elections,https://www.montcalm.us/643/Elections,,,existing_state_capability_registry,verified,,,Election-night page explains reporting topology explicitly. Precincts Reported spreadsheet includes arrival/reporting times; some elections use consolidated precincts.
us:mi:county:newaygo,MI,county,Newaygo,,,provisional_name,us:authority:mi:county-clerk:newaygo-county-clerk,both,true,true,https://www.newaygocountymi.gov/departments/county-clerk/elections/,https://www.newaygocountymi.gov/departments/county-clerk/elections/,,,existing_state_capability_registry,verified,,,County election page exposes a current Election Result link plus archive; endpoint family needs fingerprinting.
us:mi:county:mecosta,MI,county,Mecosta,,,provisional_name,us:authority:mi:county-clerk:mecosta-county-clerk,final_only,true,false,https://www.mecostacounty.org/government/clerk/elections.php,,,,existing_state_capability_registry,verified,,,Official authority registered; detailed result-shape classification still pending.
us:mi:county:oceana,MI,county,Oceana,,,provisional_name,us:authority:mi:county-clerk:oceana-county-clerk,final_only,true,false,https://oceana.mi.us/government/departments/county-clerk/elections/,,,,existing_state_capability_registry,verified,,,Current election-results page publishes official Statement of Votes Cast and maintains an archive; presently looks certification/report oriented rather than live-web oriented.
us:mi:county:mason,MI,county,Mason,,,provisional_name,us:authority:mi:county-clerk:mason-county-clerk,final_only,true,false,https://www.masoncounty.net/departments/clerk/elections/,,,,existing_state_capability_registry,verified,,,Official authority registered; detailed result-shape classification still pending.
us:mi:county:manistee,MI,county,Manistee,,,provisional_name,us:authority:mi:county-clerk:manistee-county-clerk,final_only,true,false,https://www.manisteecountymi.gov/194/Elections,,,,existing_state_capability_registry,verified,,,Official authority registered; detailed result-shape classification still pending.
us:mi:county:wexford,MI,county,Wexford,,,provisional_name,us:authority:mi:county-clerk:wexford-county-clerk,final_only,true,false,https://www.wexfordcounty.org/government/county-clerk/elections/,,,,existing_state_capability_registry,verified,,,Official authority registered; detailed result-shape classification still pending.
us:mi:county:osceola,MI,county,Osceola,,,provisional_name,us:authority:mi:county-clerk:osceola-county-clerk,final_only,true,false,https://www.osceola-county.org/residents/county_departments/county_clerk/elections.php,,,,existing_state_capability_registry,verified,,,Official authority registered; detailed result-shape classification still pending.
us:mi:county:clare,MI,county,Clare,,,provisional_name,us:authority:mi:county-clerk:clare-county-clerk,final_only,true,false,https://clareco.net/elections/,,,,existing_state_capability_registry,verified,,,Official authority registered; detailed result-shape classification still pending.
us:mi:county:gladwin,MI,county,Gladwin,,,provisional_name,us:authority:mi:county-clerk:gladwin-county-clerk,final_only,true,false,https://gladwincounty-mi.gov/departments/county-clerk/elections/,,,,existing_state_capability_registry,verified,,,Official authority registered; detailed result-shape classification still pending.
us:mi:county:arenac,MI,county,Arenac,,,provisional_name,us:authority:mi:county-clerk:arenac-county-clerk,final_only,true,false,https://www.arenaccountymi.gov/Clerk/Elections/,,,,existing_state_capability_registry,verified,,,Official authority registered; detailed result-shape classification still pending.
us:mi:county:alcona,MI,county,Alcona,,,provisional_name,us:authority:mi:county-clerk:alcona-county-clerk,final_only,true,false,https://alconacountymi.com/home/county-clerk/election-results/,,,,existing_state_capability_registry,verified,,,Official election-results page publishes PDFs including Statement of Votes Cast and historical election results.
us:mi:county:alger,MI,county,Alger,,,provisional_name,us:authority:mi:county-clerk:alger-county-clerk,final_only,true,false,https://www.algercounty.gov/,,,,existing_state_capability_registry,verified,,,State SOS provides official county result link; endpoint shape pending census runner.
us:mi:county:alpena,MI,county,Alpena,,,provisional_name,us:authority:mi:county-clerk:alpena-county-clerk,final_only,true,false,https://www.alpenacounty.org/173/Election-Results,,,,existing_state_capability_registry,verified,,,Election-results archive includes summary and precinct-by-precinct PDFs across multiple cycles.
us:mi:county:antrim,MI,county,Antrim,,,provisional_name,us:authority:mi:county-clerk:antrim-county-clerk,final_only,true,false,https://www.antrimcounty.org/,,,,existing_state_capability_registry,verified,,,State SOS provides official county result link; endpoint shape pending census runner.
us:mi:county:baraga,MI,county,Baraga,,,provisional_name,us:authority:mi:county-clerk:baraga-county-clerk,final_only,true,false,https://keweenawbay.org/government/departments/elections/,,,,existing_state_capability_registry,verified,,,Official elections page publishes Election Summary Reports and Statements of Votes Cast for current and historical elections.
us:mi:county:benzie,MI,county,Benzie,,,provisional_name,us:authority:mi:county-clerk:benzie-county-clerk,final_only,true,false,https://www.benzieco.gov/,,,,existing_state_capability_registry,verified,,,State SOS provides official county result link; endpoint shape pending census runner.
us:mi:county:branch,MI,county,Branch,,,provisional_name,us:authority:mi:county-clerk:branch-county-clerk,both,true,true,https://www.countyofbranch.com/departments/county-clerk/elections/election-results/,https://www.countyofbranch.com/departments/county-clerk/elections/election-results/,,,existing_state_capability_registry,verified,,,2026 results page explicitly links Enhanced Results; strong candidate for shared Enhanced Voting adapter.
us:mi:county:cass,MI,county,Cass,,,provisional_name,us:authority:mi:county-clerk:cass-county-clerk,final_only,true,false,https://www.casscountymi.org/,,,,existing_state_capability_registry,verified,,,State SOS provides official county result link; endpoint shape pending census runner.
us:mi:county:charlevoix,MI,county,Charlevoix,,,provisional_name,us:authority:mi:county-clerk:charlevoix-county-clerk,final_only,true,false,https://www.charlevoixcounty.org/,,,,existing_state_capability_registry,verified,,,State SOS provides official county result link; endpoint shape pending census runner.
us:mi:county:cheboygan,MI,county,Cheboygan,,,provisional_name,us:authority:mi:county-clerk:cheboygan-county-clerk,final_only,true,false,https://www.cheboygancounty.net/,,,,existing_state_capability_registry,verified,,,State SOS provides official county result link; endpoint shape pending census runner.
us:mi:county:chippewa,MI,county,Chippewa,,,provisional_name,us:authority:mi:county-clerk:chippewa-county-clerk,final_only,true,false,https://www.chippewacountymi.gov/,,,,existing_state_capability_registry,verified,,,State SOS provides official county result link; endpoint shape pending census runner.
us:mi:county:crawford,MI,county,Crawford,,,provisional_name,us:authority:mi:county-clerk:crawford-county-clerk,final_only,true,false,https://www.crawfordco.org/,,,,existing_state_capability_registry,verified,,,State SOS provides official county result link; endpoint shape pending census runner.
us:mi:county:delta,MI,county,Delta,,,provisional_name,us:authority:mi:county-clerk:delta-county-clerk,final_only,true,false,https://deltacountymi.gov/,,,,existing_state_capability_registry,verified,,,State SOS provides official county result link; endpoint shape pending census runner.
us:mi:county:dickinson,MI,county,Dickinson,,,provisional_name,us:authority:mi:county-clerk:dickinson-county-clerk,final_only,true,false,https://www.dickinsoncountymi.gov/,,,,existing_state_capability_registry,verified,,,State SOS provides official county result link; endpoint shape pending census runner.
us:mi:county:emmet,MI,county,Emmet,,,provisional_name,us:authority:mi:county-clerk:emmet-county-clerk,final_only,true,false,https://www.emmetcounty.org/,,,,existing_state_capability_registry,verified,,,State SOS provides official county result link; endpoint shape pending census runner.
us:mi:county:gogebic,MI,county,Gogebic,,,provisional_name,us:authority:mi:county-clerk:gogebic-county-clerk,final_only,true,false,https://www.gogebic.gov/,,,,existing_state_capability_registry,verified,,,State SOS provides official county result link; endpoint shape pending census runner.
us:mi:county:hillsdale,MI,county,Hillsdale,,,provisional_name,us:authority:mi:county-clerk:hillsdale-county-clerk,final_only,true,false,https://www.hillsdalecounty.gov/,,,,existing_state_capability_registry,verified,,,State SOS provides official county result link; endpoint shape pending census runner.
us:mi:county:houghton,MI,county,Houghton,,,provisional_name,us:authority:mi:county-clerk:houghton-county-clerk,final_only,true,false,https://www.houghtoncounty.net/,,,,existing_state_capability_registry,verified,,,State SOS provides official county result link; endpoint shape pending census runner.
us:mi:county:huron,MI,county,Huron,,,provisional_name,us:authority:mi:county-clerk:huron-county-clerk,final_only,true,false,https://www.co.huron.mi.us/,,,,existing_state_capability_registry,verified,,,State SOS provides official county result link; endpoint shape pending census runner.
us:mi:county:iosco,MI,county,Iosco,,,provisional_name,us:authority:mi:county-clerk:iosco-county-clerk,final_only,true,false,https://iosco.net/,,,,existing_state_capability_registry,verified,,,State SOS provides official county result link; endpoint shape pending census runner.
us:mi:county:iron,MI,county,Iron,,,provisional_name,us:authority:mi:county-clerk:iron-county-clerk,final_only,true,false,https://ironmi.com/,,,,existing_state_capability_registry,verified,,,State SOS provides official county result link; endpoint shape pending census runner.
us:mi:county:kalkaska,MI,county,Kalkaska,,,provisional_name,us:authority:mi:county-clerk:kalkaska-county-clerk,final_only,true,false,https://www.kalkaskacounty.net/,,,,existing_state_capability_registry,verified,,,State SOS provides official county result link; endpoint shape pending census runner.
us:mi:county:keweenaw,MI,county,Keweenaw,,,provisional_name,us:authority:mi:county-clerk:keweenaw-county-clerk,final_only,true,false,https://keweenawcountyonline.org/,,,,existing_state_capability_registry,verified,,,State SOS provides official county result link; endpoint shape pending census runner.
us:mi:county:lake,MI,county,Lake,,,provisional_name,us:authority:mi:county-clerk:lake-county-clerk,both,true,true,https://app.enhancedvoting.com/,https://app.enhancedvoting.com/,,,existing_state_capability_registry,verified,,,Michigan SOS county-results directory links Lake County directly to app.enhancedvoting.com; shared adapter target with Isabella and Branch.
us:mi:county:leelanau,MI,county,Leelanau,,,provisional_name,us:authority:mi:county-clerk:leelanau-county-clerk,final_only,true,false,https://www.leelanau.gov/,,,,existing_state_capability_registry,verified,,,State SOS provides official county result link; endpoint shape pending census runner.
us:mi:county:lenawee,MI,county,Lenawee,,,provisional_name,us:authority:mi:county-clerk:lenawee-county-clerk,both,true,true,https://www.electionlenawee.com/,https://www.electionlenawee.com/,,,existing_state_capability_registry,verified,,,Dedicated electionlenawee.com results site; likely reusable live-app family after fingerprinting.
us:mi:county:luce,MI,county,Luce,,,provisional_name,us:authority:mi:county-clerk:luce-county-clerk,final_only,true,false,https://www.lucecountymi.com/,,,,existing_state_capability_registry,verified,,,State SOS provides official county result link; endpoint shape pending census runner.
us:mi:county:mackinac,MI,county,Mackinac,,,provisional_name,us:authority:mi:county-clerk:mackinac-county-clerk,final_only,true,false,https://www.mackinaccounty.net/,,,,existing_state_capability_registry,verified,,,State SOS provides official county result link; endpoint shape pending census runner.
us:mi:county:marquette,MI,county,Marquette,,,provisional_name,us:authority:mi:county-clerk:marquette-county-clerk,final_only,true,false,https://www.co.marquette.mi.us/,,,,existing_state_capability_registry,verified,,,Official authority identified; endpoint shape pending census runner.
us:mi:county:menominee,MI,county,Menominee,,,provisional_name,us:authority:mi:county-clerk:menominee-county-clerk,final_only,true,false,https://www.menomineecounty.com/,,,,existing_state_capability_registry,verified,,,Official authority identified; endpoint shape pending census runner.
us:mi:county:missaukee,MI,county,Missaukee,,,provisional_name,us:authority:mi:county-clerk:missaukee-county-clerk,final_only,true,false,https://www.missaukee.org/,,,,existing_state_capability_registry,verified,,,Official authority identified; endpoint shape pending census runner.
us:mi:county:montmorency,MI,county,Montmorency,,,provisional_name,us:authority:mi:county-clerk:montmorency-county-clerk,final_only,true,false,https://www.montcounty.org/,,,,existing_state_capability_registry,verified,,,Official authority identified; endpoint shape pending census runner.
us:mi:county:ogemaw,MI,county,Ogemaw,,,provisional_name,us:authority:mi:county-clerk:ogemaw-county-clerk,final_only,true,false,https://www.ocmi.us/,,,,existing_state_capability_registry,verified,,,Official authority identified; endpoint shape pending census runner.
us:mi:county:ontonagon,MI,county,Ontonagon,,,provisional_name,us:authority:mi:county-clerk:ontonagon-county-clerk,final_only,true,false,https://www.ontonagoncounty.org/,,,,existing_state_capability_registry,verified,,,Official authority identified; endpoint shape pending census runner.
us:mi:county:oscoda,MI,county,Oscoda,,,provisional_name,us:authority:mi:county-clerk:oscoda-county-clerk,final_only,true,false,https://www.oscodacountymi.com/,,,,existing_state_capability_registry,verified,,,Official authority identified; endpoint shape pending census runner.
us:mi:county:otsego,MI,county,Otsego,,,provisional_name,us:authority:mi:county-clerk:otsego-county-clerk,final_only,true,false,https://www.otsegocountymi.gov/,,,,existing_state_capability_registry,verified,,,Official authority identified; endpoint shape pending census runner.
us:mi:county:presque-isle,MI,county,Presque Isle,,,provisional_name,us:authority:mi:county-clerk:presque-isle-county-clerk,final_only,true,false,https://presqueislecounty.org/,,,,existing_state_capability_registry,verified,,,Official authority identified; endpoint shape pending census runner.
us:mi:county:roscommon,MI,county,Roscommon,,,provisional_name,us:authority:mi:county-clerk:roscommon-county-clerk,final_only,true,false,https://www.roscommoncounty.net/,,,,existing_state_capability_registry,verified,,,Official authority identified; endpoint shape pending census runner.
us:mi:county:sanilac,MI,county,Sanilac,,,provisional_name,us:authority:mi:county-clerk:sanilac-county-clerk,final_only,true,false,https://www.sanilaccounty.net/,,,,existing_state_capability_registry,verified,,,Official authority identified; endpoint shape pending census runner.
us:mi:county:schoolcraft,MI,county,Schoolcraft,,,provisional_name,us:authority:mi:county-clerk:schoolcraft-county-clerk,final_only,true,false,https://www.schoolcraftcounty.net/,,,,existing_state_capability_registry,verified,,,Official authority identified; endpoint shape pending census runner.
us:mi:county:st-joseph,MI,county,St. Joseph,,,provisional_name,us:authority:mi:county-clerk:st-joseph-county-clerk,final_only,true,false,https://www.stjosephcountymi.org/,,,,existing_state_capability_registry,verified,,,Official authority identified; endpoint shape pending census runner.
us:mi:county:tuscola,MI,county,Tuscola,,,provisional_name,us:authority:mi:county-clerk:tuscola-county-clerk,final_only,true,false,https://www.tuscolacounty.org/,,,,existing_state_capability_registry,verified,,,Official authority identified; endpoint shape pending census runner.
us:mi:county:van-buren,MI,county,Van Buren,,,provisional_name,us:authority:mi:county-clerk:van-buren-county-clerk,final_only,true,false,https://www.vanburencountymi.gov/,,,,existing_state_capability_registry,verified,,,Official authority identified; endpoint shape pending census runner.
us:oh:county:cuyahoga,OH,county,Cuyahoga,,,provisional_name,us:authority:oh:board-of-elections:cuyahoga-county-board-of-elections,both,true,true,https://boe.cuyahogacounty.gov/,https://boe.cuyahogacounty.gov/,,,existing_state_capability_registry,verified,,,Interactive official results 2024-26; archive reaches 1983. Endpoint/API fingerprinting needed.
us:oh:county:franklin,OH,county,Franklin,,,provisional_name,us:authority:oh:board-of-elections:franklin-county-board-of-elections,final_only,true,false,https://vote.franklincountyohio.gov/,,,,existing_state_capability_registry,verified,,,2024/26 provide precinct XLSX and precinct-with-group-detail XLSX; strong structured historical target.
us:oh:county:hamilton,OH,county,Hamilton,,,provisional_name,us:authority:oh:board-of-elections:hamilton-county-board-of-elections,both,true,true,https://votehamiltoncountyohio.gov/,https://votehamiltoncountyohio.gov/,,,existing_state_capability_registry,verified,,,Interactive results expose precincts reporting and turnout; archived official results include spreadsheets and audits.
us:oh:county:summit,OH,county,Summit,,,provisional_name,us:authority:oh:board-of-elections:summit-county-board-of-elections,both,true,true,https://www.boe.ohio.gov/summit/,https://www.boe.ohio.gov/summit/,,,existing_state_capability_registry,verified,,,Likely recurring Ohio cumulative/precinct-detail family; endpoint verification pending.
us:oh:county:montgomery,OH,county,Montgomery,,,provisional_name,us:authority:oh:board-of-elections:montgomery-county-board-of-elections,both,true,true,https://www.montgomery.boe.ohio.gov/,https://www.montgomery.boe.ohio.gov/,,,existing_state_capability_registry,verified,,,Recurring Ohio report family; detailed endpoint verification pending.
us:oh:county:lucas,OH,county,Lucas,,,provisional_name,us:authority:oh:board-of-elections:lucas-county-board-of-elections,both,true,true,https://www.lucascountyohiovotes.gov/,https://www.lucascountyohiovotes.gov/,,,existing_state_capability_registry,verified,,,Current and historical county results; interactive/source family still needs endpoint fingerprint.
us:oh:county:stark,OH,county,Stark,,,provisional_name,us:authority:oh:board-of-elections:stark-county-board-of-elections,both,true,true,https://www.starkcountyohio.gov/government/offices/board_of_elections/,https://www.starkcountyohio.gov/government/offices/board_of_elections/,,,existing_state_capability_registry,verified,,,"Excellent archive: interactive, official precinct Excel/PDF, overlap and recount products across many cycles."
us:oh:county:butler,OH,county,Butler,,,provisional_name,us:authority:oh:board-of-elections:butler-county-board-of-elections,both,true,true,https://elections.bcohio.gov/,https://elections.bcohio.gov/,,,existing_state_capability_registry,verified,,,Historical summaries expose precincts-reporting counts; cumulative/precinct report family.
us:oh:county:lorain,OH,county,Lorain,,,provisional_name,us:authority:oh:board-of-elections:lorain-county-board-of-elections,both,true,true,https://www.voteloraincountyohio.gov/,https://www.voteloraincountyohio.gov/,,,existing_state_capability_registry,verified,,,2024 publishes turnout and absentee composition plus presidential/Senate/turnout by precinct.
us:oh:county:mahoning,OH,county,Mahoning,,,provisional_name,us:authority:oh:board-of-elections:mahoning-county-board-of-elections,both,true,true,https://vote.mahoningcountyoh.gov/,https://vote.mahoningcountyoh.gov/,,,existing_state_capability_registry,verified,,,2024 Summary Results Report; archive back to 2007. Site documents ES&S DS200/ExpressVote equipment.
us:oh:county:lake,OH,county,Lake,,,provisional_name,us:authority:oh:board-of-elections:lake-county-board-of-elections,both,true,true,https://www.lakecountyohio.gov/boe/,https://www.lakecountyohio.gov/boe/,,,existing_state_capability_registry,verified,,,Current archive consistently exposes official summary and precinct-by-precinct products.
us:oh:county:trumbull,OH,county,Trumbull,,,provisional_name,us:authority:oh:board-of-elections:trumbull-county-board-of-elections,both,true,true,https://boe.co.trumbull.oh.us/,https://boe.co.trumbull.oh.us/,,,existing_state_capability_registry,verified,,,Expected cumulative/precinct family; endpoint verification pending.
us:oh:county:clermont,OH,county,Clermont,,,provisional_name,us:authority:oh:board-of-elections:clermont-county-board-of-elections,both,true,true,https://boe.clermontcountyohio.gov/,https://boe.clermontcountyohio.gov/,,,existing_state_capability_registry,verified,,,Expected cumulative/precinct family; endpoint verification pending.
us:oh:county:warren,OH,county,Warren,,,provisional_name,us:authority:oh:board-of-elections:warren-county-board-of-elections,both,true,true,https://vote.warrencountyohio.gov/,https://vote.warrencountyohio.gov/,,,existing_state_capability_registry,verified,,,Expected cumulative/precinct family; endpoint verification pending.
us:oh:county:delaware,OH,county,Delaware,,,provisional_name,us:authority:oh:board-of-elections:delaware-county-board-of-elections,both,true,true,https://vote.delawarecountyohio.gov/,https://vote.delawarecountyohio.gov/,,,existing_state_capability_registry,verified,,,Expected cumulative/precinct family; endpoint verification pending.
us:oh:county:licking,OH,county,Licking,,,provisional_name,us:authority:oh:board-of-elections:licking-county-board-of-elections,both,true,true,https://www.boe.ohio.gov/licking/,https://www.boe.ohio.gov/licking/,,,existing_state_capability_registry,verified,,,Highly regular BOE family across many cycles; election-night page is refreshable and standard precinct/polling lookup offers CSV.
us:oh:county:greene,OH,county,Greene,,,provisional_name,us:authority:oh:board-of-elections:greene-county-board-of-elections,both,true,true,https://www.greenecountyohio.gov/128/Board-of-Elections,https://www.greenecountyohio.gov/128/Board-of-Elections,,,existing_state_capability_registry,verified,,,"Standard BOE archive; 2024 precinct PDF exposes registered voters, times/cards cast, turnout and precinct candidate totals. Separate statewide lookup endpoint offers precinct/polling CSV."
us:oh:county:athens,OH,county,Athens,,,provisional_name,us:authority:oh:board-of-elections:athens-county-board-of-elections,both,true,true,https://www.boe.ohio.gov/athens/,https://www.boe.ohio.gov/athens/,,,existing_state_capability_registry,verified,,,"2024 precinct PDF exposes registered voters, ballots cast, turnout, candidate totals, write-ins, total votes and overvotes; Electionware-generated report observed."
us:oh:county:wood,OH,county,Wood,,,provisional_name,us:authority:oh:board-of-elections:wood-county-board-of-elections,both,true,true,https://www.woodcountyohio.gov/boe/,https://www.woodcountyohio.gov/boe/,,,existing_state_capability_registry,verified,,,Ohio Wood County endpoint needs disambiguation/fingerprint; do not confuse with Wisconsin result app.
us:oh:county:portage,OH,county,Portage,,,provisional_name,us:authority:oh:board-of-elections:portage-county-board-of-elections,both,true,true,https://www.portagecounty-oh.gov/board-elections,https://www.portagecounty-oh.gov/board-elections,,,existing_state_capability_registry,verified,,,"2024 official precinct report includes registered voters, ballots cast, blank ballots, turnout and candidate totals."
us:oh:county:allen,OH,county,Allen,,,provisional_name,us:authority:oh:board-of-elections:allen-county-board-of-elections,final_only,true,false,https://www.boe.ohio.gov/allen/,,,,existing_state_capability_registry,verified,,,SOS-hosted BOE authority added in 21-40 cohort; expected to reuse standard report discovery pending artifact verification.
us:oh:county:ashland,OH,county,Ashland,,,provisional_name,us:authority:oh:board-of-elections:ashland-county-board-of-elections,final_only,true,false,https://www.boe.ohio.gov/ashland/,,,,existing_state_capability_registry,verified,,,SOS-hosted BOE authority added in 21-40 cohort; expected to reuse standard report discovery pending artifact verification.
us:oh:county:ashtabula,OH,county,Ashtabula,,,provisional_name,us:authority:oh:board-of-elections:ashtabula-county-board-of-elections,both,true,true,https://www.boe.ohio.gov/ashtabula/,https://www.boe.ohio.gov/ashtabula/,,,existing_state_capability_registry,verified,,,Verified official BOE archive exposes current 2024-26 cumulative/official plus precinct-detail results; existing standardized BOE report discovery applies.
us:oh:county:belmont,OH,county,Belmont,,,provisional_name,us:authority:oh:board-of-elections:belmont-county-board-of-elections,both,true,true,https://www.boe.ohio.gov/belmont/,https://www.boe.ohio.gov/belmont/,,,existing_state_capability_registry,verified,,,Verified official BOE archive exposes current 2024-26 cumulative/official plus precinct-detail results; existing standardized BOE report discovery applies.
us:oh:county:clark,OH,county,Clark,,,provisional_name,us:authority:oh:board-of-elections:clark-county-board-of-elections,both,true,true,https://www.boe.ohio.gov/clark/,https://www.boe.ohio.gov/clark/,,,existing_state_capability_registry,verified,,,Verified official BOE archive exposes current 2024-26 cumulative/official plus precinct-detail results; existing standardized BOE report discovery applies.
us:oh:county:columbiana,OH,county,Columbiana,,,provisional_name,us:authority:oh:board-of-elections:columbiana-county-board-of-elections,final_only,true,false,https://www.boe.ohio.gov/columbiana/,,,,existing_state_capability_registry,verified,,,SOS-hosted BOE authority added in 21-40 cohort; expected to reuse standard report discovery pending artifact verification.
us:oh:county:coshocton,OH,county,Coshocton,,,provisional_name,us:authority:oh:board-of-elections:coshocton-county-board-of-elections,final_only,true,false,https://www.boe.ohio.gov/coshocton/,,,,existing_state_capability_registry,verified,,,SOS-hosted BOE authority added in 21-40 cohort; expected to reuse standard report discovery pending artifact verification.
us:oh:county:darke,OH,county,Darke,,,provisional_name,us:authority:oh:board-of-elections:darke-county-board-of-elections,both,true,true,https://www.boe.ohio.gov/darke/,https://www.boe.ohio.gov/darke/,,,existing_state_capability_registry,verified,,,Verified official BOE archive exposes current 2024-26 cumulative/official plus precinct-detail results; existing standardized BOE report discovery applies.
us:oh:county:erie,OH,county,Erie,,,provisional_name,us:authority:oh:board-of-elections:erie-county-board-of-elections,both,true,true,https://www.boe.ohio.gov/erie/,https://www.boe.ohio.gov/erie/,,,existing_state_capability_registry,verified,,,Verified official BOE archive exposes current 2024-26 cumulative/official plus precinct-detail results; existing standardized BOE report discovery applies.
us:oh:county:fairfield,OH,county,Fairfield,,,provisional_name,us:authority:oh:board-of-elections:fairfield-county-board-of-elections,both,true,true,https://www.boe.ohio.gov/fairfield/,https://www.boe.ohio.gov/fairfield/,,,existing_state_capability_registry,verified,,,Verified official BOE archive exposes current 2024-26 cumulative/official plus precinct-detail results; existing standardized BOE report discovery applies.
us:oh:county:fayette,OH,county,Fayette,,,provisional_name,us:authority:oh:board-of-elections:fayette-county-board-of-elections,both,true,true,https://www.boe.ohio.gov/fayette/,https://www.boe.ohio.gov/fayette/,,,existing_state_capability_registry,verified,,,Verified official BOE archive exposes current 2024-26 cumulative/official plus precinct-detail results; existing standardized BOE report discovery applies.
us:oh:county:geauga,OH,county,Geauga,,,provisional_name,us:authority:oh:board-of-elections:geauga-county-board-of-elections,both,true,true,https://www.boe.ohio.gov/geauga/,https://www.boe.ohio.gov/geauga/,,,existing_state_capability_registry,verified,,,Verified official BOE archive exposes current 2024-26 cumulative/official plus precinct-detail results; existing standardized BOE report discovery applies.
us:oh:county:guernsey,OH,county,Guernsey,,,provisional_name,us:authority:oh:board-of-elections:guernsey-county-board-of-elections,final_only,true,false,https://www.boe.ohio.gov/guernsey/,,,,existing_state_capability_registry,verified,,,SOS-hosted BOE authority added in 21-40 cohort; expected to reuse standard report discovery pending artifact verification.
us:oh:county:hancock,OH,county,Hancock,,,provisional_name,us:authority:oh:board-of-elections:hancock-county-board-of-elections,final_only,true,false,https://www.boe.ohio.gov/hancock/,,,,existing_state_capability_registry,verified,,,SOS-hosted BOE authority added in 21-40 cohort; expected to reuse standard report discovery pending artifact verification.
us:oh:county:huron,OH,county,Huron,,,provisional_name,us:authority:oh:board-of-elections:huron-county-board-of-elections,final_only,true,false,https://www.boe.ohio.gov/huron/,,,,existing_state_capability_registry,verified,,,SOS-hosted BOE authority added in 21-40 cohort; expected to reuse standard report discovery pending artifact verification.
us:oh:county:knox,OH,county,Knox,,,provisional_name,us:authority:oh:board-of-elections:knox-county-board-of-elections,both,true,true,https://www.boe.ohio.gov/knox/,https://www.boe.ohio.gov/knox/,,,existing_state_capability_registry,verified,,,Verified official BOE archive exposes current 2024-26 cumulative/official plus precinct-detail results; existing standardized BOE report discovery applies.
us:oh:county:madison,OH,county,Madison,,,provisional_name,us:authority:oh:board-of-elections:madison-county-board-of-elections,final_only,true,false,https://www.boe.ohio.gov/madison/,,,,existing_state_capability_registry,verified,,,SOS-hosted BOE authority added in 21-40 cohort; expected to reuse standard report discovery pending artifact verification.
us:oh:county:medina,OH,county,Medina,,,provisional_name,us:authority:oh:board-of-elections:medina-county-board-of-elections,final_only,true,false,https://www.boe.ohio.gov/medina/,,,,existing_state_capability_registry,verified,,,SOS-hosted BOE authority added in 21-40 cohort; expected to reuse standard report discovery pending artifact verification.
us:oh:county:miami,OH,county,Miami,,,provisional_name,us:authority:oh:board-of-elections:miami-county-board-of-elections,final_only,true,false,https://www.boe.ohio.gov/miami/,,,,existing_state_capability_registry,verified,,,SOS-hosted BOE authority added in 21-40 cohort; expected to reuse standard report discovery pending artifact verification.
us:oh:county:muskingum,OH,county,Muskingum,,,provisional_name,us:authority:oh:board-of-elections:muskingum-county-board-of-elections,final_only,true,false,https://www.boe.ohio.gov/muskingum/,,,,existing_state_capability_registry,verified,,,SOS-hosted BOE authority added in 21-40 cohort; expected to reuse standard report discovery pending artifact verification.
us:oh:county:adams,OH,county,Adams,,,provisional_name,us:authority:oh:board-of-elections:adams-county-board-of-elections,both,true,true,https://www.boe.ohio.gov/adams/,https://www.boe.ohio.gov/adams/,,,existing_state_capability_registry,verified,,,Statewide completion pass: SOS-hosted BOE results family expected/verified by recurring cumulative + precinct-detail pattern; optional overlap/group/write-in variants preserved when present.
us:oh:county:auglaize,OH,county,Auglaize,,,provisional_name,us:authority:oh:board-of-elections:auglaize-county-board-of-elections,both,true,true,https://www.boe.ohio.gov/auglaize/,https://www.boe.ohio.gov/auglaize/,,,existing_state_capability_registry,verified,,,Statewide completion pass: SOS-hosted BOE results family expected/verified by recurring cumulative + precinct-detail pattern; optional overlap/group/write-in variants preserved when present.
us:oh:county:brown,OH,county,Brown,,,provisional_name,us:authority:oh:board-of-elections:brown-county-board-of-elections,both,true,true,https://www.boe.ohio.gov/brown/,https://www.boe.ohio.gov/brown/,,,existing_state_capability_registry,verified,,,Statewide completion pass: SOS-hosted BOE results family expected/verified by recurring cumulative + precinct-detail pattern; optional overlap/group/write-in variants preserved when present.
us:oh:county:carroll,OH,county,Carroll,,,provisional_name,us:authority:oh:board-of-elections:carroll-county-board-of-elections,both,true,true,https://www.boe.ohio.gov/carroll/,https://www.boe.ohio.gov/carroll/,,,existing_state_capability_registry,verified,,,Statewide completion pass: SOS-hosted BOE results family expected/verified by recurring cumulative + precinct-detail pattern; optional overlap/group/write-in variants preserved when present.
us:oh:county:champaign,OH,county,Champaign,,,provisional_name,us:authority:oh:board-of-elections:champaign-county-board-of-elections,both,true,true,https://www.boe.ohio.gov/champaign/,https://www.boe.ohio.gov/champaign/,,,existing_state_capability_registry,verified,,,Statewide completion pass: SOS-hosted BOE results family expected/verified by recurring cumulative + precinct-detail pattern; optional overlap/group/write-in variants preserved when present.
us:oh:county:clinton,OH,county,Clinton,,,provisional_name,us:authority:oh:board-of-elections:clinton-county-board-of-elections,both,true,true,https://www.boe.ohio.gov/clinton/,https://www.boe.ohio.gov/clinton/,,,existing_state_capability_registry,verified,,,Statewide completion pass: SOS-hosted BOE results family expected/verified by recurring cumulative + precinct-detail pattern; optional overlap/group/write-in variants preserved when present.
us:oh:county:crawford,OH,county,Crawford,,,provisional_name,us:authority:oh:board-of-elections:crawford-county-board-of-elections,both,true,true,https://www.boe.ohio.gov/crawford/,https://www.boe.ohio.gov/crawford/,,,existing_state_capability_registry,verified,,,Statewide completion pass: SOS-hosted BOE results family expected/verified by recurring cumulative + precinct-detail pattern; optional overlap/group/write-in variants preserved when present.
us:oh:county:defiance,OH,county,Defiance,,,provisional_name,us:authority:oh:board-of-elections:defiance-county-board-of-elections,both,true,true,https://www.boe.ohio.gov/defiance/,https://www.boe.ohio.gov/defiance/,,,existing_state_capability_registry,verified,,,Statewide completion pass: SOS-hosted BOE results family expected/verified by recurring cumulative + precinct-detail pattern; optional overlap/group/write-in variants preserved when present.
us:oh:county:fulton,OH,county,Fulton,,,provisional_name,us:authority:oh:board-of-elections:fulton-county-board-of-elections,both,true,true,https://www.boe.ohio.gov/fulton/,https://www.boe.ohio.gov/fulton/,,,existing_state_capability_registry,verified,,,Statewide completion pass: SOS-hosted BOE results family expected/verified by recurring cumulative + precinct-detail pattern; optional overlap/group/write-in variants preserved when present.
us:oh:county:gallia,OH,county,Gallia,,,provisional_name,us:authority:oh:board-of-elections:gallia-county-board-of-elections,both,true,true,https://www.boe.ohio.gov/gallia/,https://www.boe.ohio.gov/gallia/,,,existing_state_capability_registry,verified,,,Statewide completion pass: SOS-hosted BOE results family expected/verified by recurring cumulative + precinct-detail pattern; optional overlap/group/write-in variants preserved when present.
us:oh:county:hardin,OH,county,Hardin,,,provisional_name,us:authority:oh:board-of-elections:hardin-county-board-of-elections,both,true,true,https://www.boe.ohio.gov/hardin/,https://www.boe.ohio.gov/hardin/,,,existing_state_capability_registry,verified,,,Statewide completion pass: SOS-hosted BOE results family expected/verified by recurring cumulative + precinct-detail pattern; optional overlap/group/write-in variants preserved when present.
us:oh:county:harrison,OH,county,Harrison,,,provisional_name,us:authority:oh:board-of-elections:harrison-county-board-of-elections,both,true,true,https://www.boe.ohio.gov/harrison/,https://www.boe.ohio.gov/harrison/,,,existing_state_capability_registry,verified,,,Statewide completion pass: SOS-hosted BOE results family expected/verified by recurring cumulative + precinct-detail pattern; optional overlap/group/write-in variants preserved when present.
us:oh:county:henry,OH,county,Henry,,,provisional_name,us:authority:oh:board-of-elections:henry-county-board-of-elections,both,true,true,https://www.boe.ohio.gov/henry/,https://www.boe.ohio.gov/henry/,,,existing_state_capability_registry,verified,,,Statewide completion pass: SOS-hosted BOE results family expected/verified by recurring cumulative + precinct-detail pattern; optional overlap/group/write-in variants preserved when present.
us:oh:county:highland,OH,county,Highland,,,provisional_name,us:authority:oh:board-of-elections:highland-county-board-of-elections,both,true,true,https://www.boe.ohio.gov/highland/,https://www.boe.ohio.gov/highland/,,,existing_state_capability_registry,verified,,,Statewide completion pass: SOS-hosted BOE results family expected/verified by recurring cumulative + precinct-detail pattern; optional overlap/group/write-in variants preserved when present.
us:oh:county:hocking,OH,county,Hocking,,,provisional_name,us:authority:oh:board-of-elections:hocking-county-board-of-elections,both,true,true,https://www.boe.ohio.gov/hocking/,https://www.boe.ohio.gov/hocking/,,,existing_state_capability_registry,verified,,,Statewide completion pass: SOS-hosted BOE results family expected/verified by recurring cumulative + precinct-detail pattern; optional overlap/group/write-in variants preserved when present.
us:oh:county:holmes,OH,county,Holmes,,,provisional_name,us:authority:oh:board-of-elections:holmes-county-board-of-elections,both,true,true,https://www.boe.ohio.gov/holmes/,https://www.boe.ohio.gov/holmes/,,,existing_state_capability_registry,verified,,,Statewide completion pass: SOS-hosted BOE results family expected/verified by recurring cumulative + precinct-detail pattern; optional overlap/group/write-in variants preserved when present.
us:oh:county:jackson,OH,county,Jackson,,,provisional_name,us:authority:oh:board-of-elections:jackson-county-board-of-elections,both,true,true,https://www.boe.ohio.gov/jackson/,https://www.boe.ohio.gov/jackson/,,,existing_state_capability_registry,verified,,,Statewide completion pass: SOS-hosted BOE results family expected/verified by recurring cumulative + precinct-detail pattern; optional overlap/group/write-in variants preserved when present.
us:oh:county:jefferson,OH,county,Jefferson,,,provisional_name,us:authority:oh:board-of-elections:jefferson-county-board-of-elections,both,true,true,https://www.boe.ohio.gov/jefferson/,https://www.boe.ohio.gov/jefferson/,,,existing_state_capability_registry,verified,,,Statewide completion pass: SOS-hosted BOE results family expected/verified by recurring cumulative + precinct-detail pattern; optional overlap/group/write-in variants preserved when present.
us:oh:county:lawrence,OH,county,Lawrence,,,provisional_name,us:authority:oh:board-of-elections:lawrence-county-board-of-elections,both,true,true,https://www.boe.ohio.gov/lawrence/,https://www.boe.ohio.gov/lawrence/,,,existing_state_capability_registry,verified,,,Statewide completion pass: SOS-hosted BOE results family expected/verified by recurring cumulative + precinct-detail pattern; optional overlap/group/write-in variants preserved when present.
us:oh:county:logan,OH,county,Logan,,,provisional_name,us:authority:oh:board-of-elections:logan-county-board-of-elections,both,true,true,https://www.boe.ohio.gov/logan/,https://www.boe.ohio.gov/logan/,,,existing_state_capability_registry,verified,,,Statewide completion pass: SOS-hosted BOE results family expected/verified by recurring cumulative + precinct-detail pattern; optional overlap/group/write-in variants preserved when present.
us:oh:county:marion,OH,county,Marion,,,provisional_name,us:authority:oh:board-of-elections:marion-county-board-of-elections,both,true,true,https://www.boe.ohio.gov/marion/,https://www.boe.ohio.gov/marion/,,,existing_state_capability_registry,verified,,,Statewide completion pass: SOS-hosted BOE results family expected/verified by recurring cumulative + precinct-detail pattern; optional overlap/group/write-in variants preserved when present.
us:oh:county:meigs,OH,county,Meigs,,,provisional_name,us:authority:oh:board-of-elections:meigs-county-board-of-elections,both,true,true,https://www.boe.ohio.gov/meigs/,https://www.boe.ohio.gov/meigs/,,,existing_state_capability_registry,verified,,,Statewide completion pass: SOS-hosted BOE results family expected/verified by recurring cumulative + precinct-detail pattern; optional overlap/group/write-in variants preserved when present.
us:oh:county:mercer,OH,county,Mercer,,,provisional_name,us:authority:oh:board-of-elections:mercer-county-board-of-elections,both,true,true,https://www.boe.ohio.gov/mercer/,https://www.boe.ohio.gov/mercer/,,,existing_state_capability_registry,verified,,,Statewide completion pass: SOS-hosted BOE results family expected/verified by recurring cumulative + precinct-detail pattern; optional overlap/group/write-in variants preserved when present.
us:oh:county:monroe,OH,county,Monroe,,,provisional_name,us:authority:oh:board-of-elections:monroe-county-board-of-elections,both,true,true,https://www.boe.ohio.gov/monroe/,https://www.boe.ohio.gov/monroe/,,,existing_state_capability_registry,verified,,,Statewide completion pass: SOS-hosted BOE results family expected/verified by recurring cumulative + precinct-detail pattern; optional overlap/group/write-in variants preserved when present.
us:oh:county:morgan,OH,county,Morgan,,,provisional_name,us:authority:oh:board-of-elections:morgan-county-board-of-elections,both,true,true,https://www.boe.ohio.gov/morgan/,https://www.boe.ohio.gov/morgan/,,,existing_state_capability_registry,verified,,,Statewide completion pass: SOS-hosted BOE results family expected/verified by recurring cumulative + precinct-detail pattern; optional overlap/group/write-in variants preserved when present.
us:oh:county:morrow,OH,county,Morrow,,,provisional_name,us:authority:oh:board-of-elections:morrow-county-board-of-elections,both,true,true,https://www.boe.ohio.gov/morrow/,https://www.boe.ohio.gov/morrow/,,,existing_state_capability_registry,verified,,,Statewide completion pass: SOS-hosted BOE results family expected/verified by recurring cumulative + precinct-detail pattern; optional overlap/group/write-in variants preserved when present.
us:oh:county:noble,OH,county,Noble,,,provisional_name,us:authority:oh:board-of-elections:noble-county-board-of-elections,both,true,true,https://www.boe.ohio.gov/noble/,https://www.boe.ohio.gov/noble/,,,existing_state_capability_registry,verified,,,Statewide completion pass: SOS-hosted BOE results family expected/verified by recurring cumulative + precinct-detail pattern; optional overlap/group/write-in variants preserved when present.
us:oh:county:ottawa,OH,county,Ottawa,,,provisional_name,us:authority:oh:board-of-elections:ottawa-county-board-of-elections,both,true,true,https://www.boe.ohio.gov/ottawa/,https://www.boe.ohio.gov/ottawa/,,,existing_state_capability_registry,verified,,,Statewide completion pass: SOS-hosted BOE results family expected/verified by recurring cumulative + precinct-detail pattern; optional overlap/group/write-in variants preserved when present.
us:oh:county:paulding,OH,county,Paulding,,,provisional_name,us:authority:oh:board-of-elections:paulding-county-board-of-elections,both,true,true,https://www.boe.ohio.gov/paulding/,https://www.boe.ohio.gov/paulding/,,,existing_state_capability_registry,verified,,,Statewide completion pass: SOS-hosted BOE results family expected/verified by recurring cumulative + precinct-detail pattern; optional overlap/group/write-in variants preserved when present.
us:oh:county:perry,OH,county,Perry,,,provisional_name,us:authority:oh:board-of-elections:perry-county-board-of-elections,both,true,true,https://www.boe.ohio.gov/perry/,https://www.boe.ohio.gov/perry/,,,existing_state_capability_registry,verified,,,Statewide completion pass: SOS-hosted BOE results family expected/verified by recurring cumulative + precinct-detail pattern; optional overlap/group/write-in variants preserved when present.
us:oh:county:pickaway,OH,county,Pickaway,,,provisional_name,us:authority:oh:board-of-elections:pickaway-county-board-of-elections,both,true,true,https://www.boe.ohio.gov/pickaway/,https://www.boe.ohio.gov/pickaway/,,,existing_state_capability_registry,verified,,,Statewide completion pass: SOS-hosted BOE results family expected/verified by recurring cumulative + precinct-detail pattern; optional overlap/group/write-in variants preserved when present.
us:oh:county:pike,OH,county,Pike,,,provisional_name,us:authority:oh:board-of-elections:pike-county-board-of-elections,both,true,true,https://www.boe.ohio.gov/pike/,https://www.boe.ohio.gov/pike/,,,existing_state_capability_registry,verified,,,Statewide completion pass: SOS-hosted BOE results family expected/verified by recurring cumulative + precinct-detail pattern; optional overlap/group/write-in variants preserved when present.
us:oh:county:preble,OH,county,Preble,,,provisional_name,us:authority:oh:board-of-elections:preble-county-board-of-elections,both,true,true,https://www.boe.ohio.gov/preble/,https://www.boe.ohio.gov/preble/,,,existing_state_capability_registry,verified,,,Statewide completion pass: SOS-hosted BOE results family expected/verified by recurring cumulative + precinct-detail pattern; optional overlap/group/write-in variants preserved when present.
us:oh:county:putnam,OH,county,Putnam,,,provisional_name,us:authority:oh:board-of-elections:putnam-county-board-of-elections,both,true,true,https://www.boe.ohio.gov/putnam/,https://www.boe.ohio.gov/putnam/,,,existing_state_capability_registry,verified,,,Statewide completion pass: SOS-hosted BOE results family expected/verified by recurring cumulative + precinct-detail pattern; optional overlap/group/write-in variants preserved when present.
us:oh:county:richland,OH,county,Richland,,,provisional_name,us:authority:oh:board-of-elections:richland-county-board-of-elections,both,true,true,https://www.boe.ohio.gov/richland/,https://www.boe.ohio.gov/richland/,,,existing_state_capability_registry,verified,,,Statewide completion pass: SOS-hosted BOE results family expected/verified by recurring cumulative + precinct-detail pattern; optional overlap/group/write-in variants preserved when present.
us:oh:county:ross,OH,county,Ross,,,provisional_name,us:authority:oh:board-of-elections:ross-county-board-of-elections,both,true,true,https://www.boe.ohio.gov/ross/,https://www.boe.ohio.gov/ross/,,,existing_state_capability_registry,verified,,,Statewide completion pass: SOS-hosted BOE results family expected/verified by recurring cumulative + precinct-detail pattern; optional overlap/group/write-in variants preserved when present.
us:oh:county:sandusky,OH,county,Sandusky,,,provisional_name,us:authority:oh:board-of-elections:sandusky-county-board-of-elections,both,true,true,https://www.boe.ohio.gov/sandusky/,https://www.boe.ohio.gov/sandusky/,,,existing_state_capability_registry,verified,,,Statewide completion pass: SOS-hosted BOE results family expected/verified by recurring cumulative + precinct-detail pattern; optional overlap/group/write-in variants preserved when present.
us:oh:county:scioto,OH,county,Scioto,,,provisional_name,us:authority:oh:board-of-elections:scioto-county-board-of-elections,both,true,true,https://www.boe.ohio.gov/scioto/,https://www.boe.ohio.gov/scioto/,,,existing_state_capability_registry,verified,,,Statewide completion pass: SOS-hosted BOE results family expected/verified by recurring cumulative + precinct-detail pattern; optional overlap/group/write-in variants preserved when present.
us:oh:county:seneca,OH,county,Seneca,,,provisional_name,us:authority:oh:board-of-elections:seneca-county-board-of-elections,both,true,true,https://www.boe.ohio.gov/seneca/,https://www.boe.ohio.gov/seneca/,,,existing_state_capability_registry,verified,,,Statewide completion pass: SOS-hosted BOE results family expected/verified by recurring cumulative + precinct-detail pattern; optional overlap/group/write-in variants preserved when present.
us:oh:county:shelby,OH,county,Shelby,,,provisional_name,us:authority:oh:board-of-elections:shelby-county-board-of-elections,both,true,true,https://www.boe.ohio.gov/shelby/,https://www.boe.ohio.gov/shelby/,,,existing_state_capability_registry,verified,,,Statewide completion pass: SOS-hosted BOE results family expected/verified by recurring cumulative + precinct-detail pattern; optional overlap/group/write-in variants preserved when present.
us:oh:county:tuscarawas,OH,county,Tuscarawas,,,provisional_name,us:authority:oh:board-of-elections:tuscarawas-county-board-of-elections,both,true,true,https://www.boe.ohio.gov/tuscarawas/,https://www.boe.ohio.gov/tuscarawas/,,,existing_state_capability_registry,verified,,,Statewide completion pass: SOS-hosted BOE results family expected/verified by recurring cumulative + precinct-detail pattern; optional overlap/group/write-in variants preserved when present.
us:oh:county:union,OH,county,Union,,,provisional_name,us:authority:oh:board-of-elections:union-county-board-of-elections,both,true,true,https://www.boe.ohio.gov/union/,https://www.boe.ohio.gov/union/,,,existing_state_capability_registry,verified,,,Statewide completion pass: SOS-hosted BOE results family expected/verified by recurring cumulative + precinct-detail pattern; optional overlap/group/write-in variants preserved when present.
us:oh:county:van-wert,OH,county,Van Wert,,,provisional_name,us:authority:oh:board-of-elections:van-wert-county-board-of-elections,both,true,true,https://www.boe.ohio.gov/van-wert/,https://www.boe.ohio.gov/van-wert/,,,existing_state_capability_registry,verified,,,Statewide completion pass: SOS-hosted BOE results family expected/verified by recurring cumulative + precinct-detail pattern; optional overlap/group/write-in variants preserved when present.
us:oh:county:vinton,OH,county,Vinton,,,provisional_name,us:authority:oh:board-of-elections:vinton-county-board-of-elections,both,true,true,https://www.boe.ohio.gov/vinton/,https://www.boe.ohio.gov/vinton/,,,existing_state_capability_registry,verified,,,Statewide completion pass: SOS-hosted BOE results family expected/verified by recurring cumulative + precinct-detail pattern; optional overlap/group/write-in variants preserved when present.
us:oh:county:washington,OH,county,Washington,,,provisional_name,us:authority:oh:board-of-elections:washington-county-board-of-elections,both,true,true,https://www.boe.ohio.gov/washington/,https://www.boe.ohio.gov/washington/,,,existing_state_capability_registry,verified,,,Statewide completion pass: SOS-hosted BOE results family expected/verified by recurring cumulative + precinct-detail pattern; optional overlap/group/write-in variants preserved when present.
us:oh:county:wayne,OH,county,Wayne,,,provisional_name,us:authority:oh:board-of-elections:wayne-county-board-of-elections,both,true,true,https://www.boe.ohio.gov/wayne/,https://www.boe.ohio.gov/wayne/,,,existing_state_capability_registry,verified,,,Statewide completion pass: SOS-hosted BOE results family expected/verified by recurring cumulative + precinct-detail pattern; optional overlap/group/write-in variants preserved when present.
us:oh:county:williams,OH,county,Williams,,,provisional_name,us:authority:oh:board-of-elections:williams-county-board-of-elections,both,true,true,https://www.boe.ohio.gov/williams/,https://www.boe.ohio.gov/williams/,,,existing_state_capability_registry,verified,,,Statewide completion pass: SOS-hosted BOE results family expected/verified by recurring cumulative + precinct-detail pattern; optional overlap/group/write-in variants preserved when present.
us:oh:county:wyandot,OH,county,Wyandot,,,provisional_name,us:authority:oh:board-of-elections:wyandot-county-board-of-elections,both,true,true,https://www.boe.ohio.gov/wyandot/,https://www.boe.ohio.gov/wyandot/,,,existing_state_capability_registry,verified,,,Statewide completion pass: SOS-hosted BOE results family expected/verified by recurring cumulative + precinct-detail pattern; optional overlap/group/write-in variants preserved when present.
