state,profile_type,expected_units,notes
AK,state_results,40,"State-administered; enumerate election regions/districts and reporting units from statewide result products, not local authority links."
LA,parish_directory,64,"Extract parish names and clerk/result targets from SOS directory/table/script payloads."
MA,municipal_directory,351,"Extract city/town election offices from local-official lookup data rather than visible anchors only."
MN,county_directory,87,"Extract county election offices; also retain statewide results backbone."
ND,county_directory,53,"Extract county election officials from table/cards/script payloads; registration denominator is N/A."
NM,county_directory,33,"Extract county clerk cards/table rows and clerk URLs."
NY,county_board_directory,62,"Extract county BOE records and preserve NYC as a multi-county board authority."
RI,municipal_directory,39,"Extract local boards of canvassers for cities/towns."
SC,county_directory,46,"Extract county voter registration/election offices from cards/table payloads."
VT,town_directory,247,"Enumerate town/city clerks using central clerk resources; preserve town reporting."
WI,clerk_directory,1850,"Directory includes municipal and county clerks; extract structured directory/search payloads rather than anchors."
AL,county_directory,67,"Enumerate county election officials from the SOS local-election-official directory; retain local result links and reusable platform fingerprints."
GA,county_directory,159,"Enumerate county election offices from the SOS directory; prioritize Enhanced Voting, Clarity/ENR, Scytl, and official structured downloads."
KS,county_directory,105,"Enumerate county election officers; preserve county result-platform family and official artifact links."
AR,state_results,75,"Capture Arkansas statewide official election-result surfaces first; expand county depth later."
CA,state_results,58,"Capture California statewide certified/unofficial result surfaces first; county depth follows after 51/51."
CO,state_results,64,"Capture Colorado statewide official election results first; preserve county reporting links when available."
DE,state_results,3,"Capture Delaware statewide official election results first."
MT,state_results,56,"Capture Montana statewide official election results first."
NC,state_results,100,"Capture North Carolina statewide official results first; county depth follows after 51/51."
NV,state_results,17,"Capture Nevada statewide official results first; county result links remain secondary."
OH,state_results,88,"Capture Ohio statewide official result backbone first; county platforms remain depth work."
TN,state_results,95,"Capture Tennessee statewide official election result surfaces first."
TX,state_results,254,"Capture Texas statewide official result backbone first; county depth remains a separate completeness problem."
UT,state_results,29,"Capture Utah statewide official results first."
WY,state_results,23,"Capture Wyoming statewide official result artifacts first."
